 Spectrum , Sample , Throughput , Mg-Ka Area , Mg-Ka AreaStd , Al-Ka Area , Al-Ka AreaStd , Si-Ka Area , Si-Ka AreaStd , P -Ka Area , P -Ka AreaStd , S -Ka Area , S -Ka AreaStd , Cl-Ka Area , Cl-Ka AreaStd , Ar-Ka Area , Ar-Ka AreaStd , K -Ka Area , K -Ka AreaStd , Ca-Ka Area , Ca-Ka AreaStd , Ti-Ka Area , Ti-Ka AreaStd , Cr-Ka Area , Cr-Ka AreaStd , Mn-Ka Area , Mn-Ka AreaStd , Fe-Ka Area , Fe-Ka AreaStd , Rh-La-Coh Area , Rh-La-Coh AreaStd 
374-U1524A-1H-1-A_SHLF9353571 X  20.0mm   6s  10kV 160uA No-Filter DC10.0mm CC12.0mm Y  0.0mm Run1 Rep0 Sett Low.spe,20,1.78E+05,215,44,10048,116,104373,327,558,62,3059,101,60700,394,-5551,190,72293,308,29715,231,26988,223,1049,171,8366,205,249493,531,46589,305
374-U1524A-1H-1-A_SHLF9353571 X  40.0mm   6s  10kV 160uA No-Filter DC10.0mm CC12.0mm Y  0.0mm Run1 Rep0 Sett Low.spe,40,1.67E+05,203,41,9014,110,90215,304,332,59,2750,98,64346,317,-4864,159,64212,291,23607,211,23738,212,1309,166,14948,216,233723,505,43978,215
374-U1524A-1H-1-A_SHLF9353571 X  60.0mm   6s  10kV 160uA No-Filter DC10.0mm CC12.0mm Y  0.0mm Run1 Rep0 Sett Low.spe,60,1.73E+05,192,42,10652,118,108370,332,601,62,2463,95,55126,300,-5000,157,72557,304,26428,220,25196,216,1225,166,19031,227,239700,510,42963,210
374-U1524A-1H-1-A_SHLF9353571 X  80.0mm   6s  10kV 160uA No-Filter DC10.0mm CC12.0mm Y  0.0mm Run1 Rep0 Sett Low.spe,80,1.70E+05,234,40,9763,113,100551,320,502,60,2519,96,62417,313,-5257,159,69463,300,27537,222,24792,216,882,166,11431,209,232359,504,43778,214
374-U1524A-1H-1-A_SHLF9353571 X 100.0mm   6s  10kV 160uA No-Filter DC10.0mm CC12.0mm Y  0.0mm Run1 Rep0 Sett Low.spe,100,1.74E+05,257,42,11733,123,116646,345,610,63,2353,95,52172,367,-5289,182,75422,310,28399,224,25852,218,824,166,6833,197,245193,524,44009,290
374-U1524A-1H-1-A_SHLF9353571 X 120.0mm   6s  10kV 160uA No-Filter DC10.0mm CC12.0mm Y  0.0mm Run1 Rep0 Sett Low.spe,120,1.68E+05,215,44,12451,127,120801,351,633,63,2141,92,45552,280,-5070,152,73399,304,27637,219,25282,214,989,163,11290,205,232907,502,40935,202
374-U1524A-1H-1-A_SHLF9353571 X 140.0mm   6s  10kV 160uA No-Filter DC10.0mm CC12.0mm Y  0.0mm Run1 Rep0 Sett Low.spe,140,1.61E+05,183,43,11163,121,112406,338,628,61,2113,92,47723,285,-4673,154,68894,296,26269,215,23799,209,1331,160,8604,195,219454,488,41976,204
374-U1524A-1H-1-A_SHLF9353571 X 160.0mm   6s  10kV 160uA No-Filter DC10.0mm CC12.0mm Y  0.0mm Run1 Rep0 Sett Low.spe,160,1.75E+05,239,45,13694,132,135672,371,725,64,2089,92,43743,278,-5312,152,78459,313,29163,225,26723,218,900,163,11657,207,238390,508,42658,203
374-U1524A-1H-1-A_SHLF9353571 X 180.0mm   6s  10kV 160uA No-Filter DC10.0mm CC12.0mm Y  0.0mm Run1 Rep0 Sett Low.spe,180,1.78E+05,227,45,13639,132,133493,368,559,65,1834,93,44705,281,-5210,155,79934,316,28912,225,27122,219,1332,166,9801,204,247509,517,42561,205
374-U1524A-1H-1-A_SHLF9353571 X 200.0mm   6s  10kV 160uA No-Filter DC10.0mm CC12.0mm Y  0.0mm Run1 Rep0 Sett Low.spe,200,1.80E+05,274,46,14287,135,137487,374,809,66,1718,92,42703,277,-5137,155,80915,317,28680,223,27845,222,1169,165,6538,194,258688,526,43375,205
374-U1524A-1H-1-A_SHLF9353571 X 220.0mm   6s  10kV 160uA No-Filter DC10.0mm CC12.0mm Y  0.0mm Run1 Rep0 Sett Low.spe,220,1.83E+05,362,45,14947,137,143559,382,911,66,1810,91,42006,340,-5281,183,81865,322,29990,229,28279,224,1229,167,14145,217,258064,537,43099,280
374-U1524A-1H-1-A_SHLF9353571 X 240.0mm   6s  10kV 160uA No-Filter DC10.0mm CC12.0mm Y  0.0mm Run1 Rep0 Sett Low.spe,240,1.70E+05,221,43,12157,125,122380,352,698,62,1793,90,46003,282,-4857,156,74158,307,27973,222,25524,215,1193,163,4025,184,241407,510,42105,205
374-U1524A-1H-1-A_SHLF9353571 X 260.0mm   6s  10kV 160uA No-Filter DC10.0mm CC12.0mm Y  0.0mm Run1 Rep0 Sett Low.spe,260,1.77E+05,180,44,13822,133,130132,363,780,64,1805,91,43348,278,-4915,156,78282,312,27388,220,27611,220,1234,166,5446,191,258490,526,43200,205
374-U1524A-1H-1-A_SHLF9353571 X 280.0mm   6s  10kV 160uA No-Filter DC10.0mm CC12.0mm Y  0.0mm Run1 Rep0 Sett Low.spe,280,1.79E+05,199,47,14644,137,136191,373,768,65,1777,90,42979,341,-5456,178,81992,320,27110,221,28398,224,1081,166,6690,196,256266,534,43471,279
374-U1524A-1H-1-A_SHLF9353571 X 300.0mm   6s  10kV 160uA No-Filter DC10.0mm CC12.0mm Y  0.0mm Run1 Rep0 Sett Low.spe,300,1.82E+05,282,46,15157,139,140028,377,773,64,1565,90,40750,336,-5387,179,82771,321,26742,221,27834,222,1117,166,7091,197,266768,543,43762,278
374-U1524A-1H-1-A_SHLF9353571 X 320.0mm   6s  10kV 160uA No-Filter DC10.0mm CC12.0mm Y  0.0mm Run1 Rep0 Sett Low.spe,320,1.79E+05,249,46,14497,136,134240,369,784,64,1726,89,40996,272,-5337,152,80250,315,26571,217,27484,219,1423,165,7231,196,269921,535,42004,201
374-U1524A-1H-1-A_SHLF9353571 X 340.0mm   6s  10kV 160uA No-Filter DC10.0mm CC12.0mm Y  0.0mm Run1 Rep0 Sett Low.spe,340,1.80E+05,276,44,14165,133,131090,365,749,64,1808,90,40632,334,-4692,179,78845,314,25935,217,27154,221,1491,167,7367,198,277252,552,41936,275
374-U1524A-1H-1-A_SHLF9353571 X 360.0mm   6s  10kV 160uA No-Filter DC10.0mm CC12.0mm Y  0.0mm Run1 Rep0 Sett Low.spe,360,1.74E+05,287,44,13262,130,124994,356,754,63,1548,88,38961,267,-4907,151,74936,306,24815,212,26326,216,1123,162,6821,193,274720,539,39979,198
374-U1524A-1H-1-A_SHLF9353571 X 380.0mm   6s  10kV 160uA No-Filter DC10.0mm CC12.0mm Y  0.0mm Run1 Rep0 Sett Low.spe,380,1.81E+05,301,46,14810,137,140203,378,656,64,1441,88,38132,326,-5129,176,79873,316,25645,217,27052,220,1210,165,7163,197,278599,552,40924,270
374-U1524A-1H-1-A_SHLF9353571 X 390.0mm   6s  10kV 160uA No-Filter DC10.0mm CC12.0mm Y  0.0mm Run1 Rep0 Sett Low.spe,390,1.66E+05,115,44,11190,122,109782,335,600,61,1891,90,44753,345,-4388,177,70427,300,23143,209,24970,211,1407,163,5887,190,255427,530,40405,276
374-U1524A-1H-1-A_SHLF9353571 X 400.0mm   6s  10kV 160uA No-Filter DC10.0mm CC12.0mm Y  0.0mm Run1 Rep0 Sett Low.spe,400,1.66E+05,212,44,12005,125,118153,347,609,61,2070,91,43763,340,-4671,175,71853,302,24796,213,24445,212,1159,161,7873,195,246809,522,40061,273
374-U1524A-1H-1-A_SHLF9353571 X 410.0mm   6s  10kV 160uA No-Filter DC10.0mm CC12.0mm Y  0.0mm Run1 Rep0 Sett Low.spe,410,1.83E+05,285,45,14057,133,125651,357,723,62,1746,90,43402,278,-4920,154,78076,311,22512,208,26676,219,1511,167,13306,214,292499,555,42181,203
374-U1524A-1H-1-A_SHLF9353571 X 420.0mm   6s  10kV 160uA No-Filter DC10.0mm CC12.0mm Y  0.0mm Run1 Rep0 Sett Low.spe,420,1.80E+05,368,45,14248,134,135528,371,730,64,1873,91,42760,276,-4866,154,78678,313,25467,216,26486,217,1250,166,9685,204,266340,533,41304,202
374-U1524A-1H-1-A_SHLF9353571 X 430.0mm   6s  10kV 160uA No-Filter DC10.0mm CC12.0mm Y  0.0mm Run1 Rep0 Sett Low.spe,430,1.70E+05,272,45,13101,130,134389,370,722,63,1999,92,45214,344,-5277,178,76523,312,28086,223,25215,215,937,164,5198,191,229935,510,41011,277
374-U1524A-1H-1-A_SHLF9353571 X 440.0mm   6s  10kV 160uA No-Filter DC10.0mm CC12.0mm Y  0.0mm Run1 Rep0 Sett Low.spe,440,1.65E+05,315,43,11005,120,133707,368,486,61,2023,92,46720,283,-5028,153,72235,303,27753,220,22915,206,832,162,7536,194,212584,483,40599,203
374-U1524A-1H-1-A_SHLF9353571 X 450.0mm   6s  10kV 160uA No-Filter DC10.0mm CC12.0mm Y  0.0mm Run1 Rep0 Sett Low.spe,450,1.64E+05,192,44,10737,120,137205,373,440,60,1939,90,44479,340,-4658,176,70606,302,26998,219,22268,209,1071,162,6977,192,213179,493,39709,272
374-U1524A-1H-1-A_SHLF9353571 X 460.0mm   6s  10kV 160uA No-Filter DC10.0mm CC12.0mm Y  0.0mm Run1 Rep0 Sett Low.spe,460,1.65E+05,299,43,11072,120,140993,377,554,61,1886,90,42261,272,-4842,150,71075,300,27632,219,22358,206,1245,161,4191,183,218036,488,39478,198
374-U1524A-1H-1-A_SHLF9353571 X 480.0mm   6s  10kV 160uA No-Filter DC10.0mm CC12.0mm Y  0.0mm Run1 Rep0 Sett Low.spe,480,1.61E+05,221,39,7848,103,102559,323,362,59,2642,96,58106,305,-4990,156,62636,287,25849,215,20815,203,997,163,4188,184,223573,493,42543,210
374-U1524A-1H-1-A_SHLF9353571 X 500.0mm   6s  10kV 160uA No-Filter DC10.0mm CC12.0mm Y  0.0mm Run1 Rep0 Sett Low.spe,500,1.60E+05,231,42,9408,112,122468,352,453,59,1782,89,43858,276,-3811,155,64790,289,26606,216,20615,200,1071,161,3037,179,225192,493,40439,201
374-U1524A-1H-1-A_SHLF9353571 X 520.0mm   6s  10kV 160uA No-Filter DC10.0mm CC12.0mm Y  0.0mm Run1 Rep0 Sett Low.spe,520,1.62E+05,211,43,9690,115,129358,363,499,61,1411,87,39789,329,-3385,181,64968,292,25313,214,20560,203,1203,162,4816,185,228091,505,40823,271
374-U1524A-1H-1-A_SHLF9353571 X 540.0mm   6s  10kV 160uA No-Filter DC10.0mm CC12.0mm Y  0.0mm Run1 Rep0 Sett Low.spe,540,1.63E+05,264,43,9642,113,119276,348,499,59,2071,91,47732,285,-4316,156,64554,290,25305,214,20751,202,1108,161,5469,187,230437,499,41648,205
374-U1524A-1H-1-A_SHLF9353571 X 560.0mm   6s  10kV 160uA No-Filter DC10.0mm CC12.0mm Y  0.0mm Run1 Rep0 Sett Low.spe,560,1.68E+05,283,43,9542,113,123910,354,589,60,2333,93,51012,291,-5341,154,65589,292,26006,216,20801,205,989,164,8554,199,237108,507,41990,206
374-U1524A-1H-1-A_SHLF9353571 X 580.0mm   6s  10kV 160uA No-Filter DC10.0mm CC12.0mm Y  0.0mm Run1 Rep0 Sett Low.spe,580,1.70E+05,234,44,10229,117,141926,379,466,61,2027,92,46204,282,-4891,153,66113,293,25330,216,20737,204,1211,165,6853,194,231460,502,40987,202
374-U1524A-1H-1-A_SHLF9353571 X 600.0mm   6s  10kV 160uA No-Filter DC10.0mm CC12.0mm Y  0.0mm Run1 Rep0 Sett Low.spe,600,1.70E+05,202,43,8793,110,126123,358,445,60,2346,95,55420,372,-5008,183,63638,292,26342,219,21000,207,1158,168,2171,183,235598,516,42044,289
374-U1524A-1H-1-A_SHLF9353571 X 620.0mm   6s  10kV 160uA No-Filter DC10.0mm CC12.0mm Y  0.0mm Run1 Rep0 Sett Low.spe,620,1.68E+05,199,40,8446,107,113900,340,507,59,2716,98,60129,387,-5313,184,61960,289,26163,219,19835,205,1279,168,2302,184,233422,514,43983,298
374-U1524A-1H-1-A_SHLF9353571 X 640.0mm   6s  10kV 160uA No-Filter DC10.0mm CC12.0mm Y  0.0mm Run1 Rep0 Sett Low.spe,640,1.65E+05,212,40,7914,104,110278,335,410,59,2765,98,62721,314,-5497,158,59152,282,26346,216,19358,202,1180,166,1820,181,223512,495,43829,214
374-U1524A-1H-1-A_SHLF9353571 X 660.0mm   6s  10kV 160uA No-Filter DC10.0mm CC12.0mm Y  0.0mm Run1 Rep0 Sett Low.spe,660,1.66E+05,186,41,6837,99,102289,323,421,58,3268,100,65721,404,-5342,187,59337,284,26589,220,19349,204,740,168,1654,184,229616,511,45269,307
374-U1524A-1H-1-A_SHLF9353571 X 670.0mm   6s  10kV 160uA No-Filter DC10.0mm CC12.0mm Y  0.0mm Run1 Rep0 Sett Low.spe,670,1.66E+05,144,41,7339,102,108653,333,431,59,2962,99,62562,393,-5012,186,61708,289,26854,220,19952,205,732,168,1767,183,225456,507,43712,300
374-U1524A-1H-1-A_SHLF9353571 X 680.0mm   6s  10kV 160uA No-Filter DC10.0mm CC12.0mm Y  0.0mm Run1 Rep0 Sett Low.spe,680,1.65E+05,205,40,7309,102,107581,331,499,59,2842,98,63821,396,-5025,186,60983,287,26186,218,20524,206,1004,168,2161,185,219380,501,44017,301
374-U1524A-1H-1-A_SHLF9353571 X 690.0mm   6s  10kV 160uA No-Filter DC10.0mm CC12.0mm Y  0.0mm Run1 Rep0 Sett Low.spe,690,1.65E+05,257,43,9895,115,138090,373,519,61,2420,94,48315,287,-4737,156,67120,295,27708,221,21029,205,1132,165,2419,180,206298,477,42693,206
374-U1524A-1H-1-A_SHLF9353571 X 700.0mm   6s  10kV 160uA No-Filter DC10.0mm CC12.0mm Y  0.0mm Run1 Rep0 Sett Low.spe,700,1.62E+05,234,44,9620,114,136916,372,454,60,2299,93,46671,283,-4048,157,65754,292,27396,218,20840,204,1366,164,2250,179,198133,469,42391,205
374-U1524A-1H-1-A_SHLF9353571 X 710.0mm   6s  10kV 160uA No-Filter DC10.0mm CC12.0mm Y  0.0mm Run1 Rep0 Sett Low.spe,710,1.54E+05,154,42,9963,115,122665,353,487,59,2220,91,44895,278,-3567,155,67111,292,25296,212,21821,204,856,159,1960,174,192425,461,40852,201
374-U1524A-1H-1-A_SHLF9353571 X 720.0mm   6s  10kV 160uA No-Filter DC10.0mm CC12.0mm Y  0.0mm Run1 Rep0 Sett Low.spe,720,1.59E+05,272,41,10335,116,121651,351,597,61,2260,93,47232,283,-4011,157,68076,295,26277,216,22210,205,743,162,2244,177,204870,474,41482,204
374-U1524A-1H-1-A_SHLF9353571 X 730.0mm   6s  10kV 160uA No-Filter DC10.0mm CC12.0mm Y  0.0mm Run1 Rep0 Sett Low.spe,730,1.52E+05,163,41,8865,109,90469,305,367,58,2498,95,56151,378,-4039,184,65925,294,24134,212,22496,207,851,162,2360,176,196238,475,42317,292
374-U1524A-1H-1-A_SHLF9353571 X 740.0mm   6s  10kV 160uA No-Filter DC10.0mm CC12.0mm Y  0.0mm Run1 Rep0 Sett Low.spe,740,1.56E+05,269,41,9759,113,103065,324,537,59,2761,95,53671,295,-4622,154,69861,298,25800,215,22773,206,867,160,2422,177,202292,472,41279,206
374-U1524A-1H-1-A_SHLF9353571 X 750.0mm   6s  10kV 160uA No-Filter DC10.0mm CC12.0mm Y  0.0mm Run1 Rep0 Sett Low.spe,750,1.65E+05,232,42,10518,117,111827,337,439,60,2693,96,54108,297,-4644,156,75222,308,27463,220,24809,213,1147,164,2911,181,215617,486,41879,208
374-U1524A-1H-1-A_SHLF9353571 X 760.0mm   6s  10kV 160uA No-Filter DC10.0mm CC12.0mm Y  0.0mm Run1 Rep0 Sett Low.spe,760,1.67E+05,272,44,10293,117,102419,323,479,61,2752,97,57714,306,-5158,159,77894,314,27958,223,25775,216,1115,165,2886,182,219737,491,43799,213
374-U1524A-1H-1-A_SHLF9353571 X 780.0mm   6s  10kV 160uA No-Filter DC10.0mm CC12.0mm Y  0.0mm Run1 Rep0 Sett Low.spe,780,1.65E+05,171,43,11558,123,111693,337,546,61,2480,95,51574,292,-5078,153,79802,315,28374,223,25895,216,1102,164,2149,179,216807,487,41422,205
374-U1524A-1H-1-A_SHLF9353571 X 800.0mm   6s  10kV 160uA No-Filter DC10.0mm CC12.0mm Y  0.0mm Run1 Rep0 Sett Low.spe,800,1.66E+05,273,45,11700,124,123274,354,607,62,2168,93,47299,285,-5326,154,77565,312,28870,225,25380,214,1077,162,2841,179,217755,487,42032,205
374-U1524A-1H-1-A_SHLF9353571 X 820.0mm   6s  10kV 160uA No-Filter DC10.0mm CC12.0mm Y  0.0mm Run1 Rep0 Sett Low.spe,820,1.68E+05,318,44,11576,123,129415,362,637,63,2157,93,47312,285,-5016,154,74643,307,29543,225,24544,213,1021,162,3454,181,222198,492,42119,205
374-U1524A-1H-1-A_SHLF9353571 X 840.0mm   6s  10kV 160uA No-Filter DC10.0mm CC12.0mm Y  0.0mm Run1 Rep0 Sett Low.spe,840,1.59E+05,156,41,10067,115,116859,344,525,61,2344,93,48878,286,-4888,151,71066,300,29140,223,22887,206,895,159,2318,176,206487,475,41323,203
374-U1524A-1H-1-A_SHLF9353571 X 860.0mm   6s  10kV 160uA No-Filter DC10.0mm CC12.0mm Y  0.0mm Run1 Rep0 Sett Low.spe,860,1.59E+05,211,42,9605,113,114094,340,461,60,2430,95,53340,296,-4458,157,67702,296,28180,222,22002,205,991,162,2234,177,202705,472,42554,209
374-U1524A-1H-1-A_SHLF9353571 X 880.0mm   6s  10kV 160uA No-Filter DC10.0mm CC12.0mm Y  0.0mm Run1 Rep0 Sett Low.spe,880,1.67E+05,207,42,9668,113,103651,325,523,60,2899,98,62226,314,-5456,159,67265,298,29723,229,24200,213,1229,165,3279,183,225656,496,44327,215
374-U1524A-1H-1-A_SHLF9353571 X 900.0mm   6s  10kV 160uA No-Filter DC10.0mm CC12.0mm Y  0.0mm Run1 Rep0 Sett Low.spe,900,1.60E+05,175,42,9406,113,95627,314,378,60,2582,96,55473,375,-5208,180,68262,298,28745,223,24078,212,1439,164,2695,178,224201,501,42519,291
374-U1524A-1H-1-A_SHLF9353571 X 910.0mm   6s  10kV 160uA No-Filter DC10.0mm CC12.0mm Y  0.0mm Run1 Rep0 Sett Low.spe,910,1.50E+05,138,40,9068,110,94443,310,417,58,1982,90,46859,280,-3016,157,63520,286,27063,215,22993,204,884,156,2442,172,209997,476,39596,201
374-U1524A-1H-1-A_SHLF9353571 X1000.0mm   6s  10kV 160uA No-Filter DC10.0mm CC12.0mm Y  0.0mm Run1 Rep0 Sett Low.spe,1000,1.53E+05,250,42,11823,123,116862,344,521,61,1515,87,36903,259,-4147,147,67181,291,22772,203,22828,202,1203,155,1864,168,222298,487,37564,192
374-U1524A-1H-1-A_SHLF9353571 X1040.0mm   6s  10kV 160uA No-Filter DC10.0mm CC12.0mm Y  0.0mm Run1 Rep0 Sett Low.spe,1040,1.62E+05,158,40,8838,109,95239,312,574,60,2257,93,52666,295,-4339,159,71988,303,25577,217,23335,209,1074,160,2958,178,231483,500,42776,209
374-U1524A-1H-1-A_SHLF9353571 X1060.0mm   6s  10kV 160uA No-Filter DC10.0mm CC12.0mm Y  0.0mm Run1 Rep0 Sett Low.spe,1060,1.55E+05,265,39,8667,107,89174,302,394,57,2394,92,52278,292,-4015,156,70277,299,25182,214,23663,206,761,158,2442,174,218102,485,41524,206
374-U1524A-1H-1-A_SHLF9353571 X1080.0mm   6s  10kV 160uA No-Filter DC10.0mm CC12.0mm Y  0.0mm Run1 Rep0 Sett Low.spe,1080,1.67E+05,254,43,9828,115,100332,320,400,58,2579,95,58053,305,-5228,156,75622,309,26433,219,25368,214,934,164,2750,180,233284,502,43738,211
374-U1524A-1H-1-A_SHLF9353571 X1100.0mm   6s  10kV 160uA No-Filter DC10.0mm CC12.0mm Y  0.0mm Run1 Rep0 Sett Low.spe,1100,1.63E+05,227,40,8311,106,88578,301,377,57,3329,100,67705,323,-5331,158,68740,298,25631,218,23933,212,1130,163,2858,180,221094,491,44964,217
374-U1524A-1H-1-A_SHLF9353571 X1120.0mm   6s  10kV 160uA No-Filter DC10.0mm CC12.0mm Y  0.0mm Run1 Rep0 Sett Low.spe,1120,1.67E+05,354,42,10700,118,110369,335,583,60,2722,96,54324,297,-4681,155,74758,307,26902,221,25697,215,1210,164,2615,181,230433,499,41875,207
374-U1524A-1H-1-A_SHLF9353571 X1140.0mm   6s  10kV 160uA No-Filter DC10.0mm CC12.0mm Y  0.0mm Run1 Rep0 Sett Low.spe,1140,1.62E+05,206,42,8727,109,96911,315,346,59,2874,98,59619,308,-4997,157,69105,298,26167,217,23986,211,962,161,2177,178,221139,491,42468,211
374-U1524A-1H-1-A_SHLF9353571 X1160.0mm   6s  10kV 160uA No-Filter DC10.0mm CC12.0mm Y  0.0mm Run1 Rep0 Sett Low.spe,1160,1.60E+05,211,39,8180,105,92683,309,278,59,2994,99,61570,391,-5140,182,66331,295,25783,217,23832,212,949,164,2428,179,216494,495,42645,298
374-U1524A-1H-1-A_SHLF9353571 X1180.0mm   6s  10kV 160uA No-Filter DC10.0mm CC12.0mm Y  0.0mm Run1 Rep0 Sett Low.spe,1180,1.56E+05,175,40,9230,111,104360,326,400,58,2614,95,54598,296,-4151,155,66488,292,25548,213,23210,207,943,160,2305,175,204733,474,40842,206
374-U1524A-1H-1-A_SHLF9353571 X1200.0mm   6s  10kV 160uA No-Filter DC10.0mm CC12.0mm Y  0.0mm Run1 Rep0 Sett Low.spe,1200,1.46E+05,199,39,7830,103,97447,315,331,56,2481,94,55622,373,-4515,179,58899,280,22855,207,20945,202,926,159,2003,173,178757,456,41730,288
374-U1524A-1H-1-A_SHLF9353571 X1220.0mm   6s  10kV 160uA No-Filter DC10.0mm CC12.0mm Y  0.0mm Run1 Rep0 Sett Low.spe,1220,1.50E+05,171,37,6010,92,73720,276,168,55,3064,98,68438,414,-4702,185,53359,271,24015,210,19545,200,287,162,1717,176,203811,483,44001,309
374-U1524A-1H-1-A_SHLF9353571 X1240.0mm   6s  10kV 160uA No-Filter DC10.0mm CC12.0mm Y  0.0mm Run1 Rep0 Sett Low.spe,1240,1.48E+05,122,37,5549,90,72117,272,302,55,3599,101,70580,327,-5317,157,52650,270,25198,213,20340,202,791,160,2027,175,188631,458,44943,217
374-U1524A-1H-1-A_SHLF9353571 X1250.0mm   6s  10kV 160uA No-Filter DC10.0mm CC12.0mm Y  0.0mm Run1 Rep0 Sett Low.spe,1250,1.52E+05,181,37,5895,91,74036,276,260,56,3482,101,70123,419,-5078,186,54983,276,26247,217,21782,207,527,163,2360,178,198014,478,44465,312
374-U1524A-1H-1-A_SHLF9353571 X1260.0mm   6s  10kV 160uA No-Filter DC10.0mm CC12.0mm Y  0.0mm Run1 Rep0 Sett Low.spe,1260,1.48E+05,141,38,5509,90,70568,270,175,55,3667,102,71949,328,-4770,158,53645,271,25938,215,21025,202,709,160,2139,173,189330,458,44111,217
374-U1524A-1H-1-A_SHLF9353571 X1270.0mm   6s  10kV 160uA No-Filter DC10.0mm CC12.0mm Y  0.0mm Run1 Rep0 Sett Low.spe,1270,1.43E+05,156,36,4899,84,62160,254,237,53,3698,101,76964,440,-5283,188,48764,265,26469,216,18885,198,517,162,3645,180,173645,453,44717,323
374-U1524A-1H-1-A_SHLF9353571 X1280.0mm   6s  10kV 160uA No-Filter DC10.0mm CC12.0mm Y  0.0mm Run1 Rep0 Sett Low.spe,1280,1.47E+05,167,37,6234,94,75799,279,292,55,3350,100,69938,418,-5508,185,54466,275,28632,223,19595,200,474,161,8152,193,173258,453,44843,312
374-U1524A-1H-1-A_SHLF9353571 X1290.0mm   6s  10kV 160uA No-Filter DC10.0mm CC12.0mm Y  0.0mm Run1 Rep0 Sett Low.spe,1290,1.56E+05,146,37,5772,91,69777,269,244,56,3811,104,80075,447,-5202,191,55328,278,27855,223,20896,207,335,167,8600,199,193137,475,46942,329
374-U1524A-1H-1-A_SHLF9353571 X1300.0mm   6s  10kV 160uA No-Filter DC10.0mm CC12.0mm Y  0.0mm Run1 Rep0 Sett Low.spe,1300,1.61E+05,166,40,7865,104,88984,303,331,58,3098,100,67135,407,-5108,186,65036,294,29164,226,23472,211,913,166,7663,198,207466,490,44712,307
374-U1524A-1H-1-A_SHLF9353571 X1310.0mm   6s  10kV 160uA No-Filter DC10.0mm CC12.0mm Y  0.0mm Run1 Rep0 Sett Low.spe,1310,1.66E+05,194,39,7446,102,82662,292,314,58,3212,100,70595,419,-5304,188,64816,295,27079,222,23470,213,1013,165,4637,189,232559,512,45330,314
374-U1524A-1H-1-A_SHLF9353571 X1320.0mm   6s  10kV 160uA No-Filter DC10.0mm CC12.0mm Y  0.0mm Run1 Rep0 Sett Low.spe,1320,1.61E+05,138,39,6762,97,76256,280,380,57,3383,100,71611,329,-5104,160,62091,288,26664,220,23473,211,906,165,4618,188,219323,490,45147,219
374-U1524A-1H-1-A_SHLF9353571 X1330.0mm   6s  10kV 160uA No-Filter DC10.0mm CC12.0mm Y  0.0mm Run1 Rep0 Sett Low.spe,1330,1.59E+05,155,38,6399,95,69839,269,226,57,3305,101,71884,329,-5084,159,61142,285,24110,212,22676,208,810,164,7289,194,220057,490,44855,218
374-U1524A-1H-1-A_SHLF9353571 X1340.0mm   6s  10kV 160uA No-Filter DC10.0mm CC12.0mm Y  0.0mm Run1 Rep0 Sett Low.spe,1340,1.54E+05,151,38,5261,88,55401,241,154,55,3690,104,84810,464,-4927,193,49764,267,19820,203,20174,205,958,166,6923,195,209547,491,45632,336
374-U1524A-1H-1-A_SHLF9353571 X1350.0mm   6s  10kV 160uA No-Filter DC10.0mm CC12.0mm Y  0.0mm Run1 Rep0 Sett Low.spe,1350,1.57E+05,147,37,5072,86,55051,239,225,55,3669,103,81273,345,-5217,163,53505,272,20380,203,21267,205,1004,164,6341,192,225346,496,46131,224
374-U1524A-1H-1-A_SHLF9353571 X1360.0mm   6s  10kV 160uA No-Filter DC10.0mm CC12.0mm Y  0.0mm Run1 Rep0 Sett Low.spe,1360,1.48E+05,150,37,5534,89,61246,252,211,54,3450,99,72966,328,-4152,158,52234,267,21891,204,20422,201,806,160,3929,182,204543,474,42837,216
374-U1524A-1H-1-A_SHLF9353571 X1380.0mm   6s  10kV 160uA No-Filter DC10.0mm CC12.0mm Y  0.0mm Run1 Rep0 Sett Low.spe,1380,1.47E+05,163,36,6119,93,70033,268,206,55,3059,97,68666,321,-3919,159,54662,273,24582,211,20548,200,756,159,4767,182,192396,461,41552,213
374-U1524A-1H-1-A_SHLF9353571 X1400.0mm   6s  10kV 160uA No-Filter DC10.0mm CC12.0mm Y  0.0mm Run1 Rep0 Sett Low.spe,1400,1.45E+05,200,36,6052,91,70136,269,225,55,2663,96,62737,396,-2788,185,54075,272,25191,212,19407,197,1137,160,6681,188,192103,470,40739,297
374-U1524A-1H-2-A_SHLF9353601 X  50.0mm   6s  10kV 160uA No-Filter DC10.0mm CC12.0mm Y  0.0mm Run1 Rep0 Sett Low.spe,50,1.63E+05,214,41,10699,117,105551,328,588,59,2095,90,50545,289,-4663,154,67001,294,23271,210,23657,209,1070,162,13770,211,226013,496,41417,205
374-U1524A-1H-2-A_SHLF9353601 X  60.0mm   6s  10kV 160uA No-Filter DC10.0mm CC12.0mm Y  0.0mm Run1 Rep0 Sett Low.spe,60,1.69E+05,198,42,10291,117,106830,331,554,61,2207,95,55776,378,-5224,185,68449,300,24113,215,24174,215,1027,167,8710,202,237537,518,43708,295
374-U1524A-1H-2-A_SHLF9353601 X  80.0mm   6s  10kV 160uA No-Filter DC10.0mm CC12.0mm Y  0.0mm Run1 Rep0 Sett Low.spe,80,1.68E+05,302,44,11931,124,115687,343,649,60,1877,90,48372,286,-4673,155,70404,300,24088,212,24483,213,860,163,6495,192,240653,509,40953,204
374-U1524A-1H-2-A_SHLF9353601 X 110.0mm   6s  10kV 160uA No-Filter DC10.0mm CC12.0mm Y  0.0mm Run1 Rep0 Sett Low.spe,110,1.52E+05,221,39,10035,113,95949,312,621,58,2228,89,46739,279,-3806,151,62778,284,20964,199,22691,202,1172,158,13736,207,216220,484,38887,198
374-U1524A-1H-2-A_SHLF9353601 X 120.0mm   6s  10kV 160uA No-Filter DC10.0mm CC12.0mm Y  0.0mm Run1 Rep0 Sett Low.spe,120,1.64E+05,187,40,10136,115,100097,319,556,59,2285,92,51393,290,-4710,152,66772,292,21476,202,22730,206,903,160,33517,257,229925,501,40364,204
374-U1524A-1H-2-A_SHLF9353601 X 140.0mm   6s  10kV 160uA No-Filter DC10.0mm CC12.0mm Y  0.0mm Run1 Rep0 Sett Low.spe,140,1.68E+05,218,44,10456,118,114196,341,536,61,2034,92,49582,288,-4933,154,71005,301,26815,219,24007,211,654,162,15510,216,232766,502,41103,205
374-U1524A-1H-2-A_SHLF9353601 X 160.0mm   6s  10kV 160uA No-Filter DC10.0mm CC12.0mm Y  0.0mm Run1 Rep0 Sett Low.spe,160,1.65E+05,202,45,10957,121,117050,345,485,61,2175,92,47444,284,-4493,154,71852,301,27657,219,24370,210,1019,163,9663,200,228797,498,40890,203
374-U1524A-1H-2-A_SHLF9353601 X 180.0mm   6s  10kV 160uA No-Filter DC10.0mm CC12.0mm Y  0.0mm Run1 Rep0 Sett Low.spe,180,1.69E+05,337,43,12167,125,125761,357,650,62,1712,90,43221,275,-4718,151,73571,304,27842,219,25083,211,1278,162,17915,221,235418,505,39636,199
374-U1524A-1H-2-A_SHLF9353601 X 200.0mm   6s  10kV 160uA No-Filter DC10.0mm CC12.0mm Y  0.0mm Run1 Rep0 Sett Low.spe,200,1.66E+05,268,45,12417,127,130373,363,680,62,1411,86,36828,260,-3983,151,74529,304,26950,216,24362,209,1297,160,13834,209,231977,500,39461,195
374-U1524A-1H-2-A_SHLF9353601 X 220.0mm   6s  10kV 160uA No-Filter DC10.0mm CC12.0mm Y  0.0mm Run1 Rep0 Sett Low.spe,220,1.66E+05,189,43,11870,124,123710,354,593,61,1686,88,41916,272,-4212,152,72899,301,25031,212,23797,208,1137,161,10435,200,237430,505,40179,199
374-U1524A-1H-2-A_SHLF9353601 X 240.0mm   6s  10kV 160uA No-Filter DC10.0mm CC12.0mm Y  0.0mm Run1 Rep0 Sett Low.spe,240,1.73E+05,267,42,12957,128,129338,362,701,63,1714,88,41508,272,-5018,151,76105,308,26125,215,25330,214,1092,163,14767,215,248998,517,40810,200
374-U1524A-1H-2-A_SHLF9353601 X 260.0mm   6s  10kV 160uA No-Filter DC10.0mm CC12.0mm Y  0.0mm Run1 Rep0 Sett Low.spe,260,1.67E+05,247,42,13417,130,129273,362,700,62,1555,86,37353,261,-4353,150,73991,303,24094,210,25054,211,1501,160,8708,195,244013,511,38925,195
374-U1524A-1H-2-A_SHLF9353601 X 280.0mm   6s  10kV 160uA No-Filter DC10.0mm CC12.0mm Y  0.0mm Run1 Rep0 Sett Low.spe,280,1.71E+05,251,45,13684,132,132452,366,635,61,1580,86,37242,261,-4832,148,76881,308,23274,208,25985,214,1101,161,6517,191,257642,523,39296,195
374-U1524A-1H-2-A_SHLF9353601 X 300.0mm   6s  10kV 160uA No-Filter DC10.0mm CC12.0mm Y  0.0mm Run1 Rep0 Sett Low.spe,300,1.69E+05,214,45,13805,133,136300,372,711,63,1469,87,36633,320,-4615,173,77535,311,26558,217,25388,213,990,163,5640,189,242275,518,39644,265
374-U1524A-1H-2-A_SHLF9353601 X 320.0mm   6s  10kV 160uA No-Filter DC10.0mm CC12.0mm Y  0.0mm Run1 Rep0 Sett Low.spe,320,1.66E+05,324,45,14094,133,142688,380,603,63,1330,86,33934,254,-4732,148,77015,308,27440,217,24727,210,1106,159,7010,190,228094,496,38812,193
374-U1524A-1H-2-A_SHLF9353601 X 340.0mm   6s  10kV 160uA No-Filter DC10.0mm CC12.0mm Y  0.0mm Run1 Rep0 Sett Low.spe,340,1.70E+05,225,45,13928,133,136873,373,722,65,1170,85,34640,312,-4417,172,76605,310,25335,215,25764,214,1329,162,6743,192,250035,525,38363,260
374-U1524A-1H-2-A_SHLF9353601 X 360.0mm   6s  10kV 160uA No-Filter DC10.0mm CC12.0mm Y  0.0mm Run1 Rep0 Sett Low.spe,360,1.80E+05,252,47,15162,139,143398,381,626,63,1516,88,36261,261,-4735,150,81506,316,25378,215,27119,218,1162,165,12761,211,268286,534,40049,196
374-U1524A-1H-2-A_SHLF9353601 X 380.0mm   6s  10kV 160uA No-Filter DC10.0mm CC12.0mm Y  0.0mm Run1 Rep0 Sett Low.spe,380,1.78E+05,267,46,15560,140,143623,381,717,64,1467,87,36862,261,-4672,150,81722,316,24553,212,27584,218,1583,165,4609,188,270887,535,39462,195
374-U1524A-1H-2-A_SHLF9353601 X 400.0mm   6s  10kV 160uA No-Filter DC10.0mm CC12.0mm Y  0.0mm Run1 Rep0 Sett Low.spe,400,1.57E+05,294,44,13620,131,131732,365,701,62,1342,83,32072,247,-4226,146,72853,301,26752,215,24209,207,1210,156,9022,193,211622,479,37035,188
374-U1524A-1H-2-A_SHLF9353601 X 420.0mm   6s  10kV 160uA No-Filter DC10.0mm CC12.0mm Y  0.0mm Run1 Rep0 Sett Low.spe,420,1.65E+05,346,44,14446,134,137985,373,862,63,1600,86,35307,256,-4415,148,77463,309,26547,215,25292,212,1453,160,5185,184,230921,498,38450,192
374-U1524A-1H-2-A_SHLF9353601 X 440.0mm   6s  10kV 160uA No-Filter DC10.0mm CC12.0mm Y  0.0mm Run1 Rep0 Sett Low.spe,440,1.78E+05,253,44,14617,135,135013,370,783,64,1479,88,39164,267,-4832,150,80413,313,24161,211,27341,218,1575,164,13014,211,268203,534,40478,198
374-U1524A-1H-2-A_SHLF9353601 X 460.0mm   6s  10kV 160uA No-Filter DC10.0mm CC12.0mm Y  0.0mm Run1 Rep0 Sett Low.spe,460,1.78E+05,139,45,13586,133,130820,365,635,64,1558,89,41022,271,-5025,151,78089,310,23976,210,25707,215,1206,165,13068,213,273159,539,41423,200
374-U1524A-1H-2-A_SHLF9353601 X 470.0mm   6s  10kV 160uA No-Filter DC10.0mm CC12.0mm Y  0.0mm Run1 Rep0 Sett Low.spe,470,1.69E+05,246,42,12050,124,126345,359,538,61,1970,90,44557,343,-4566,177,74308,306,25661,215,23860,211,1027,163,10288,203,239934,517,40978,276
374-U1524A-1H-2-A_SHLF9353601 X 480.0mm   6s  10kV 160uA No-Filter DC10.0mm CC12.0mm Y  0.0mm Run1 Rep0 Sett Low.spe,480,1.60E+05,204,42,10628,118,133061,367,539,60,1745,87,42655,334,-4529,174,69200,297,27837,218,20723,202,842,161,8305,196,208742,488,39446,269
374-U1524A-1H-2-A_SHLF9353601 X 490.0mm   6s  10kV 160uA No-Filter DC10.0mm CC12.0mm Y  0.0mm Run1 Rep0 Sett Low.spe,490,1.55E+05,150,40,8383,107,135336,369,518,58,2123,90,49042,286,-4797,152,58978,279,23917,207,18581,195,970,159,6978,189,189611,459,40774,203
374-U1524A-1H-2-A_SHLF9353601 X 500.0mm   6s  10kV 160uA No-Filter DC10.0mm CC12.0mm Y  0.0mm Run1 Rep0 Sett Low.spe,500,1.39E+05,164,38,6555,96,100525,319,236,54,2160,90,49467,283,-3517,151,53010,266,24004,205,16535,185,799,153,3563,173,176076,441,37902,198
374-U1524A-1H-2-A_SHLF9353601 X 510.0mm   6s  10kV 160uA No-Filter DC10.0mm CC12.0mm Y  0.0mm Run1 Rep0 Sett Low.spe,510,1.44E+05,193,39,6631,97,108841,332,363,55,2327,90,52035,289,-4330,150,52356,266,23322,204,16617,188,404,156,8899,191,178056,445,39177,201
374-U1524A-1H-2-A_SHLF9353601 X 520.0mm   6s  10kV 160uA No-Filter DC10.0mm CC12.0mm Y  0.0mm Run1 Rep0 Sett Low.spe,520,1.53E+05,196,39,7467,102,132842,367,437,58,2283,91,50121,354,-4205,175,54995,272,22552,205,17774,196,820,162,9961,201,184278,465,40358,277
374-U1524A-1H-2-A_SHLF9353601 X 530.0mm   6s  10kV 160uA No-Filter DC10.0mm CC12.0mm Y  0.0mm Run1 Rep0 Sett Low.spe,530,1.55E+05,240,40,7287,100,128362,360,409,57,2454,92,53406,294,-4571,153,55295,273,22334,205,17508,194,669,161,8499,196,187700,459,40823,205
374-U1524A-1H-2-A_SHLF9353601 X 540.0mm   6s  10kV 160uA No-Filter DC10.0mm CC12.0mm Y  0.0mm Run1 Rep0 Sett Low.spe,540,1.54E+05,199,38,6509,96,118126,346,225,57,2560,95,58681,305,-5154,154,52528,268,21620,203,17007,193,824,162,9722,201,186294,458,43042,210
374-U1524A-1H-2-A_SHLF9353601 X 550.0mm   6s  10kV 160uA No-Filter DC10.0mm CC12.0mm Y  0.0mm Run1 Rep0 Sett Low.spe,550,1.60E+05,173,39,7281,100,123688,353,438,57,2457,93,54246,296,-4670,153,56766,276,22871,207,18023,196,977,164,17570,222,202023,474,41434,206
374-U1524A-1H-2-A_SHLF9353601 X 560.0mm   6s  10kV 160uA No-Filter DC10.0mm CC12.0mm Y  0.0mm Run1 Rep0 Sett Low.spe,560,1.57E+05,223,39,6360,95,114948,341,352,56,2764,95,59860,307,-5017,156,53713,271,22957,206,17559,195,857,164,12972,210,195134,467,42265,210
374-U1524A-1H-2-A_SHLF9353601 X 570.0mm   6s  10kV 160uA No-Filter DC10.0mm CC12.0mm Y  0.0mm Run1 Rep0 Sett Low.spe,570,1.58E+05,188,40,7042,100,130773,363,268,57,2263,93,53220,295,-4955,153,56120,274,23082,206,18101,196,1004,162,8658,198,195439,467,41696,206
374-U1524A-1H-2-A_SHLF9353601 X 580.0mm   6s  10kV 160uA No-Filter DC10.0mm CC12.0mm Y  0.0mm Run1 Rep0 Sett Low.spe,580,1.60E+05,151,40,7338,102,129416,362,428,58,2490,95,52188,363,-4709,179,58321,280,23670,209,19180,200,965,165,8277,199,201885,484,41345,284
374-U1524A-1H-2-A_SHLF9353601 X 600.0mm   6s  10kV 160uA No-Filter DC10.0mm CC12.0mm Y  0.0mm Run1 Rep0 Sett Low.spe,600,1.59E+05,225,41,7619,103,128516,361,467,60,2226,92,51752,362,-4686,179,58757,281,24826,212,18872,200,840,165,14249,215,198284,481,40848,283
374-U1524A-1H-2-A_SHLF9353601 X 620.0mm   6s  10kV 160uA No-Filter DC10.0mm CC12.0mm Y  0.0mm Run1 Rep0 Sett Low.spe,620,1.61E+05,242,42,9168,111,141681,378,466,59,1953,90,45072,277,-4744,151,62780,286,25887,213,19231,199,1103,162,5127,187,207627,478,39333,199
374-U1524A-1H-2-A_SHLF9353601 X 640.0mm   6s  10kV 160uA No-Filter DC10.0mm CC12.0mm Y  0.0mm Run1 Rep0 Sett Low.spe,640,1.60E+05,210,41,9201,111,138444,374,431,59,1951,89,46512,280,-4379,150,61576,283,25969,214,19041,198,1003,162,6953,190,206766,477,39492,199
374-U1524A-1H-2-A_SHLF9353601 X 660.0mm   6s  10kV 160uA No-Filter DC10.0mm CC12.0mm Y  0.0mm Run1 Rep0 Sett Low.spe,660,1.60E+05,236,42,9135,111,139321,375,453,60,1888,90,45253,277,-4353,150,62853,285,26041,213,19058,198,851,162,8104,195,204710,476,39224,198
374-U1524A-1H-2-A_SHLF9353601 X 680.0mm   6s  10kV 160uA No-Filter DC10.0mm CC12.0mm Y  0.0mm Run1 Rep0 Sett Low.spe,680,1.52E+05,188,39,8528,107,132157,365,399,58,1634,86,41200,267,-3523,149,58876,278,25105,211,18261,193,934,158,13156,205,189828,459,37246,194
374-U1524A-1H-2-A_SHLF9353601 X 700.0mm   6s  10kV 160uA No-Filter DC10.0mm CC12.0mm Y  0.0mm Run1 Rep0 Sett Low.spe,700,1.62E+05,287,42,9601,113,143568,381,457,59,1674,89,42394,332,-4328,174,61320,285,24849,213,18452,198,1036,163,25059,239,201037,484,38118,267
374-U1524A-1H-2-A_SHLF9353601 X 720.0mm   6s  10kV 160uA No-Filter DC10.0mm CC12.0mm Y  0.0mm Run1 Rep0 Sett Low.spe,720,1.63E+05,221,42,9374,112,138862,374,522,60,1913,89,45316,278,-4751,150,62301,285,25611,213,19757,199,910,163,17852,222,207477,480,39513,199
374-U1524A-1H-2-A_SHLF9353601 X 740.0mm   6s  10kV 160uA No-Filter DC10.0mm CC12.0mm Y  0.0mm Run1 Rep0 Sett Low.spe,740,1.51E+05,223,40,8133,105,121529,350,392,57,1686,86,43314,272,-3916,151,58083,277,25961,211,18633,193,1128,157,8847,192,199253,468,38813,197
374-U1524A-1H-2-A_SHLF9353601 X 760.0mm   6s  10kV 160uA No-Filter DC10.0mm CC12.0mm Y  0.0mm Run1 Rep0 Sett Low.spe,760,1.44E+05,137,40,8115,105,120011,348,427,56,1556,85,37117,257,-3436,147,56349,272,26923,212,17456,187,1100,153,7923,186,187894,454,36451,190
374-U1524A-1H-2-A_SHLF9353601 X 780.0mm   6s  10kV 160uA No-Filter DC10.0mm CC12.0mm Y  0.0mm Run1 Rep0 Sett Low.spe,780,1.50E+05,278,42,9095,110,134506,369,433,58,1531,84,36565,311,-3440,168,58597,278,25443,211,18111,193,1120,156,10890,198,194758,472,34968,253
374-U1524A-1H-2-A_SHLF9353601 X 800.0mm   6s  10kV 160uA No-Filter DC10.0mm CC12.0mm Y  0.0mm Run1 Rep0 Sett Low.spe,800,1.49E+05,233,40,8338,106,125715,356,379,56,1642,85,37925,258,-4076,145,58639,276,28157,216,18111,190,1009,156,15231,209,191003,459,35527,189
374-U1524A-1H-2-A_SHLF9353601 X 820.0mm   6s  10kV 160uA No-Filter DC10.0mm CC12.0mm Y  0.0mm Run1 Rep0 Sett Low.spe,820,1.56E+05,216,42,8591,108,136435,371,316,58,1610,87,41342,267,-3885,148,57837,274,22694,203,17487,191,886,161,21211,228,201464,472,37067,193
374-U1524A-1H-2-A_SHLF9353601 X 840.0mm   6s  10kV 160uA No-Filter DC10.0mm CC12.0mm Y  0.0mm Run1 Rep0 Sett Low.spe,840,1.60E+05,278,42,9195,111,139911,375,545,57,1996,87,42661,270,-4011,149,60320,280,23211,205,18331,194,970,161,19266,223,206854,478,37456,195
374-U1524A-1H-2-A_SHLF9353601 X 860.0mm   6s  10kV 160uA No-Filter DC10.0mm CC12.0mm Y  0.0mm Run1 Rep0 Sett Low.spe,860,1.60E+05,207,42,9615,113,142869,379,581,58,1699,85,41410,268,-4257,148,62287,284,24117,209,18873,196,926,160,15328,214,208940,480,37823,194
374-U1524A-1H-2-A_SHLF9353601 X 880.0mm   6s  10kV 160uA No-Filter DC10.0mm CC12.0mm Y  0.0mm Run1 Rep0 Sett Low.spe,880,1.62E+05,215,42,9510,113,139122,375,501,59,1815,89,45545,278,-4349,151,61901,284,25246,211,19342,198,785,161,15607,216,205850,477,39576,199
374-U1524A-1H-2-A_SHLF9353601 X 900.0mm   6s  10kV 160uA No-Filter DC10.0mm CC12.0mm Y  0.0mm Run1 Rep0 Sett Low.spe,900,1.63E+05,170,41,8854,110,123293,354,468,59,2195,93,51793,363,-4906,180,64321,291,24598,212,20262,203,786,164,13877,214,213287,495,41831,285
374-U1524A-1H-2-A_SHLF9353601 X 920.0mm   6s  10kV 160uA No-Filter DC10.0mm CC12.0mm Y  0.0mm Run1 Rep0 Sett Low.spe,920,1.59E+05,225,40,8874,109,127468,359,476,59,2320,93,51059,291,-4993,153,62126,286,26494,217,19340,199,1136,162,4502,184,203276,474,41372,205
374-U1524A-1H-2-A_SHLF9353601 X 940.0mm   6s  10kV 160uA No-Filter DC10.0mm CC12.0mm Y  0.0mm Run1 Rep0 Sett Low.spe,940,1.57E+05,211,42,8354,107,118616,347,425,59,2234,93,52451,294,-5012,154,60776,284,25152,214,19382,199,1255,161,2134,176,204514,474,41774,206
374-U1524A-1H-2-A_SHLF9353601 X 960.0mm   6s  10kV 160uA No-Filter DC10.0mm CC12.0mm Y  0.0mm Run1 Rep0 Sett Low.spe,960,1.58E+05,211,42,8341,107,118388,346,433,58,2638,93,53750,294,-4760,153,61954,285,26404,215,19728,199,747,162,2511,179,208350,479,40337,204
374-U1524A-1H-2-A_SHLF9353601 X 980.0mm   6s  10kV 160uA No-Filter DC10.0mm CC12.0mm Y  0.0mm Run1 Rep0 Sett Low.spe,980,1.62E+05,140,43,8145,107,113293,339,477,59,2803,95,55164,298,-4562,155,63963,289,25636,215,20578,202,1049,163,2078,179,218072,488,41754,208
374-U1524A-1H-2-A_SHLF9353601 X1000.0mm   6s  10kV 160uA No-Filter DC10.0mm CC12.0mm Y  0.0mm Run1 Rep0 Sett Low.spe,1000,1.60E+05,177,41,7608,103,103477,324,529,59,2660,95,59609,307,-5011,155,62589,287,26131,216,20144,201,1005,163,2288,179,216918,487,42295,210
374-U1524A-1H-2-A_SHLF9353601 X1020.0mm   6s  10kV 160uA No-Filter DC10.0mm CC12.0mm Y  0.0mm Run1 Rep0 Sett Low.spe,1020,1.56E+05,216,39,7858,104,109633,333,384,58,2448,93,51931,291,-4909,152,63870,288,28616,220,20386,199,1013,160,2032,175,205682,475,40214,203
374-U1524A-1H-2-A_SHLF9353601 X1040.0mm   6s  10kV 160uA No-Filter DC10.0mm CC12.0mm Y  0.0mm Run1 Rep0 Sett Low.spe,1040,1.55E+05,216,41,8154,106,110711,336,397,59,2482,94,53616,367,-4342,179,61963,286,26694,216,19858,200,1227,161,2183,176,205154,484,40448,284
374-U1524A-1H-2-A_SHLF9353601 X1050.0mm   6s  10kV 160uA No-Filter DC10.0mm CC12.0mm Y  0.0mm Run1 Rep0 Sett Low.spe,1050,1.59E+05,208,43,9441,113,127446,359,437,59,2095,90,44930,277,-4502,149,67084,292,28210,219,20973,202,1185,160,2234,176,211211,480,39041,198
374-U1524A-1H-2-A_SHLF9353601 X1150.0mm   6s  10kV 160uA No-Filter DC10.0mm CC12.0mm Y  0.0mm Run1 Rep0 Sett Low.spe,1150,1.56E+05,317,42,12394,125,127135,359,572,60,1820,88,38644,262,-4105,149,74457,304,27545,218,25316,211,1198,158,2762,174,197651,465,37261,193
374-U1524A-1H-2-A_SHLF9353601 X1160.0mm   6s  10kV 160uA No-Filter DC10.0mm CC12.0mm Y  0.0mm Run1 Rep0 Sett Low.spe,1160,1.60E+05,293,44,12553,127,130777,364,616,60,1900,87,39936,265,-4374,149,74565,305,27573,218,24937,211,1241,159,2645,176,209637,478,37733,194
374-U1524A-1H-2-A_SHLF9353601 X1170.0mm   6s  10kV 160uA No-Filter DC10.0mm CC12.0mm Y  0.0mm Run1 Rep0 Sett Low.spe,1170,1.62E+05,270,44,11673,123,125340,356,534,60,2060,90,43739,275,-4512,152,72524,302,27317,217,24898,212,1006,160,2715,177,217288,486,39542,199
374-U1524A-1H-2-A_SHLF9353601 X1180.0mm   6s  10kV 160uA No-Filter DC10.0mm CC12.0mm Y  0.0mm Run1 Rep0 Sett Low.spe,1180,1.67E+05,161,43,12143,125,126217,358,622,61,1844,89,44421,276,-4208,151,75096,306,26299,216,25876,215,934,162,2429,179,234249,503,39391,199
374-U1524A-1H-2-A_SHLF9353601 X1190.0mm   6s  10kV 160uA No-Filter DC10.0mm CC12.0mm Y  0.0mm Run1 Rep0 Sett Low.spe,1190,1.73E+05,314,43,12126,125,121811,352,712,63,1876,91,46882,350,-4767,179,75183,309,24594,214,25710,216,1210,166,2441,183,258281,535,41219,280
374-U1524A-1H-2-A_SHLF9353601 X1200.0mm   6s  10kV 160uA No-Filter DC10.0mm CC12.0mm Y  0.0mm Run1 Rep0 Sett Low.spe,1200,1.74E+05,175,43,11659,123,120454,350,490,62,1951,92,47283,285,-5103,153,74625,306,24706,214,24914,214,1024,165,2842,184,264482,531,41544,204
374-U1524A-1H-2-A_SHLF9353601 X1210.0mm   6s  10kV 160uA No-Filter DC10.0mm CC12.0mm Y  0.0mm Run1 Rep0 Sett Low.spe,1210,1.76E+05,232,43,11849,124,125276,357,619,63,1775,91,46563,282,-5005,154,75291,308,26189,218,25435,215,987,166,2701,183,268988,534,40543,203
374-U1524A-1H-2-A_SHLF9353601 X1220.0mm   6s  10kV 160uA No-Filter DC10.0mm CC12.0mm Y  0.0mm Run1 Rep0 Sett Low.spe,1220,1.78E+05,177,46,13029,130,131454,365,677,63,1822,89,41842,273,-4590,153,76695,309,24740,214,25613,216,1268,165,2541,183,275944,541,40845,200
374-U1524A-1H-2-A_SHLF9353601 X1230.0mm   6s  10kV 160uA No-Filter DC10.0mm CC12.0mm Y  0.0mm Run1 Rep0 Sett Low.spe,1230,1.78E+05,250,44,13560,131,134521,369,678,64,1590,89,41626,273,-4887,153,78353,312,24739,214,26004,216,1327,165,2647,183,272035,537,41378,201
374-U1524A-1H-2-A_SHLF9353601 X1240.0mm   6s  10kV 160uA No-Filter DC10.0mm CC12.0mm Y  0.0mm Run1 Rep0 Sett Low.spe,1240,1.84E+05,181,45,13626,132,133819,369,600,63,1702,90,43188,278,-5194,155,80044,315,23101,211,26171,218,1099,166,3013,186,290521,553,42855,204
374-U1524A-1H-2-A_SHLF9353601 X1250.0mm   6s  10kV 160uA No-Filter DC10.0mm CC12.0mm Y  0.0mm Run1 Rep0 Sett Low.spe,1250,1.83E+05,122,46,13903,134,136950,374,723,63,1614,89,40938,335,-4878,179,80198,317,24755,215,26746,219,1302,167,2808,185,287870,561,41314,274
374-U1524A-1H-2-A_SHLF9353601 X1260.0mm   6s  10kV 160uA No-Filter DC10.0mm CC12.0mm Y  0.0mm Run1 Rep0 Sett Low.spe,1260,1.71E+05,197,44,13510,131,134722,370,647,63,1477,87,37124,262,-4987,149,78034,310,25824,214,25603,213,1155,161,2644,179,254330,520,39466,195
374-U1524A-1H-2-A_SHLF9353601 X1270.0mm   6s  10kV 160uA No-Filter DC10.0mm CC12.0mm Y  0.0mm Run1 Rep0 Sett Low.spe,1270,1.62E+05,254,43,13271,130,133671,369,630,62,1537,87,35760,314,-4241,171,75914,308,26184,215,24780,210,994,160,2365,176,229199,505,37621,260
374-U1524A-1H-2-A_SHLF9353601 X1280.0mm   6s  10kV 160uA No-Filter DC10.0mm CC12.0mm Y  0.0mm Run1 Rep0 Sett Low.spe,1280,1.56E+05,306,42,12360,124,120354,349,736,60,1595,84,34560,252,-3996,147,70324,296,23807,206,23417,203,1207,155,2251,171,228199,494,36862,189
374-U1524A-1H-2-A_SHLF9353601 X1290.0mm   6s  10kV 160uA No-Filter DC10.0mm CC12.0mm Y  0.0mm Run1 Rep0 Sett Low.spe,1290,1.73E+05,187,45,12831,129,124615,356,674,63,1690,88,41703,271,-4371,152,76047,307,23970,211,25365,213,1272,163,2673,181,267263,532,39852,199
374-U1524A-1H-2-A_SHLF9353601 X1300.0mm   6s  10kV 160uA No-Filter DC10.0mm CC12.0mm Y  0.0mm Run1 Rep0 Sett Low.spe,1300,1.84E+05,365,45,13993,133,131301,365,711,64,1677,90,42450,275,-4906,153,78945,313,22050,208,26983,219,1696,167,2783,185,298314,561,41226,201
374-U1524A-1H-2-A_SHLF9353601 X1310.0mm   6s  10kV 160uA No-Filter DC10.0mm CC12.0mm Y  0.0mm Run1 Rep0 Sett Low.spe,1310,1.80E+05,221,46,13187,131,131263,366,634,63,1895,91,43496,342,-4986,178,76137,311,25185,215,25898,217,984,166,2540,185,281005,554,41149,276
374-U1524A-1H-2-A_SHLF9353601 X1320.0mm   6s  10kV 160uA No-Filter DC10.0mm CC12.0mm Y  0.0mm Run1 Rep0 Sett Low.spe,1320,1.69E+05,240,44,10414,118,137880,374,598,61,2127,90,46595,346,-4709,177,71207,303,29292,225,22042,208,1169,164,2599,181,234116,512,40420,276
374-U1524A-1H-2-A_SHLF9353601 X1330.0mm   6s  10kV 160uA No-Filter DC10.0mm CC12.0mm Y  0.0mm Run1 Rep0 Sett Low.spe,1330,1.67E+05,221,43,10689,119,141765,378,494,60,1712,89,42170,272,-4530,151,70860,299,29055,222,21926,204,1526,162,2803,179,229394,498,39074,198
374-U1524A-1H-2-A_SHLF9353601 X1340.0mm   6s  10kV 160uA No-Filter DC10.0mm CC12.0mm Y  0.0mm Run1 Rep0 Sett Low.spe,1340,1.65E+05,296,42,10197,116,138155,373,417,60,1763,90,42791,273,-4441,150,68237,295,27959,219,21234,202,1159,161,2614,178,227435,496,38995,198
374-U1524A-1H-2-A_SHLF9353601 X1360.0mm   6s  10kV 160uA No-Filter DC10.0mm CC12.0mm Y  0.0mm Run1 Rep0 Sett Low.spe,1360,1.57E+05,120,42,8229,107,114814,341,378,57,2164,90,49020,284,-4065,153,60973,283,25713,215,19789,198,783,160,2382,176,218530,486,38962,201
374-U1524A-1H-2-A_SHLF9353601 X1380.0mm   6s  10kV 160uA No-Filter DC10.0mm CC12.0mm Y  0.0mm Run1 Rep0 Sett Low.spe,1380,1.60E+05,266,41,9657,113,127380,359,516,59,1873,89,43632,274,-4385,150,66747,293,27746,220,20901,201,1129,161,2669,177,218107,487,38757,197
374-U1524A-1H-2-A_SHLF9353601 X1400.0mm   6s  10kV 160uA No-Filter DC10.0mm CC12.0mm Y  0.0mm Run1 Rep0 Sett Low.spe,1400,1.59E+05,223,42,9579,113,121813,351,452,59,1872,90,44497,275,-3831,151,66728,292,28379,220,20849,200,1060,159,2842,177,221040,489,37787,197
374-U1524A-1H-2-A_SHLF9353601 X1420.0mm   6s  10kV 160uA No-Filter DC10.0mm CC12.0mm Y  0.0mm Run1 Rep0 Sett Low.spe,1420,1.71E+05,328,45,11359,122,144150,382,623,62,1844,89,42038,272,-4649,151,73403,304,29244,224,22760,208,1125,163,2926,180,238736,507,40118,199
374-U1524A-1H-2-A_SHLF9353601 X1440.0mm   6s  10kV 160uA No-Filter DC10.0mm CC12.0mm Y  0.0mm Run1 Rep0 Sett Low.spe,1440,1.64E+05,216,43,9666,114,133749,368,353,59,1865,90,44536,276,-4160,151,68146,295,27220,219,21273,203,1104,161,2556,178,223944,493,38796,198
374-U1524A-1H-3-A_SHLF9353631 X  20.0mm   6s  10kV 160uA No-Filter DC10.0mm CC12.0mm Y  0.0mm Run1 Rep0 Sett Low.spe,20,1.78E+05,302,47,12170,127,158918,400,698,64,1543,88,42732,277,-4786,157,75306,309,31241,230,23200,210,877,166,2460,184,237472,508,43481,205
374-U1524A-1H-3-A_SHLF9353631 X  40.0mm   6s  10kV 160uA No-Filter DC10.0mm CC12.0mm Y  0.0mm Run1 Rep0 Sett Low.spe,40,1.75E+05,322,45,10807,120,145431,384,612,63,1645,91,45604,348,-5353,182,72428,307,31757,232,22512,210,1113,166,2833,185,233752,514,43901,283
374-U1524A-1H-3-A_SHLF9353631 X  60.0mm   6s  10kV 160uA No-Filter DC10.0mm CC12.0mm Y  0.0mm Run1 Rep0 Sett Low.spe,60,1.73E+05,261,44,10840,120,145487,384,609,62,1612,89,45398,346,-4866,181,70406,303,28988,225,22121,209,1032,166,2525,183,234954,516,42139,280
374-U1524A-1H-3-A_SHLF9353631 X  80.0mm   6s  10kV 160uA No-Filter DC10.0mm CC12.0mm Y  0.0mm Run1 Rep0 Sett Low.spe,80,1.74E+05,265,44,10032,117,136476,372,560,61,2064,92,50353,293,-5490,158,70376,301,29345,225,22110,208,1273,166,2601,183,236697,507,45208,211
374-U1524A-1H-3-A_SHLF9353631 X 100.0mm   6s  10kV 160uA No-Filter DC10.0mm CC12.0mm Y  0.0mm Run1 Rep0 Sett Low.spe,100,1.74E+05,236,45,10254,118,132838,367,484,61,2008,92,50285,293,-5422,158,71513,303,28319,223,21992,207,1132,165,2652,183,241482,511,44437,210
374-U1524A-1H-3-A_SHLF9353631 X 120.0mm   6s  10kV 160uA No-Filter DC10.0mm CC12.0mm Y  0.0mm Run1 Rep0 Sett Low.spe,120,1.72E+05,339,44,10395,117,138958,376,466,62,1793,92,45981,347,-4728,179,71975,304,29989,226,22037,208,1164,165,2714,182,238731,517,41982,279
374-U1524A-1H-3-A_SHLF9353631 X 140.0mm   6s  10kV 160uA No-Filter DC10.0mm CC12.0mm Y  0.0mm Run1 Rep0 Sett Low.spe,140,1.73E+05,291,45,10738,120,145386,384,542,61,1832,91,45668,347,-5300,180,71406,304,29141,225,21773,208,1256,166,2760,183,238419,517,42761,280
374-U1524A-1H-3-A_SHLF9353631 X 160.0mm   6s  10kV 160uA No-Filter DC10.0mm CC12.0mm Y  0.0mm Run1 Rep0 Sett Low.spe,160,1.74E+05,295,45,11453,123,146061,384,557,61,1905,91,44598,279,-5147,152,73719,305,29865,225,22198,207,1163,165,2801,182,242355,511,41563,202
374-U1524A-1H-3-A_SHLF9353631 X 180.0mm   6s  10kV 160uA No-Filter DC10.0mm CC12.0mm Y  0.0mm Run1 Rep0 Sett Low.spe,180,1.76E+05,284,47,11958,126,151720,392,542,63,1648,90,42964,276,-5087,153,74048,306,29610,225,22378,207,868,165,2145,182,245465,515,41899,202
374-U1524A-1H-3-A_SHLF9353631 X 200.0mm   6s  10kV 160uA No-Filter DC10.0mm CC12.0mm Y  0.0mm Run1 Rep0 Sett Low.spe,200,1.81E+05,263,48,13818,134,153578,394,788,63,1683,89,41115,273,-5186,154,82395,320,29794,227,23805,211,1439,166,3001,183,258089,526,42593,203
374-U1524A-1H-3-A_SHLF9353631 X 220.0mm   6s  10kV 160uA No-Filter DC10.0mm CC12.0mm Y  0.0mm Run1 Rep0 Sett Low.spe,220,1.75E+05,212,46,11845,125,149089,388,760,62,1938,89,44174,277,-4875,153,73667,306,30086,226,22622,207,1459,164,2697,181,242110,511,40852,202
374-U1524A-1H-3-A_SHLF9353631 X 230.0mm   6s  10kV 160uA No-Filter DC10.0mm CC12.0mm Y  0.0mm Run1 Rep0 Sett Low.spe,230,1.59E+05,250,41,10638,118,133069,366,668,60,1614,85,39129,264,-4115,149,68112,294,30860,225,20935,199,900,158,2432,174,213582,481,38731,195
374-U1524A-1H-3-A_SHLF9353631 X 240.0mm   6s  10kV 160uA No-Filter DC10.0mm CC12.0mm Y  0.0mm Run1 Rep0 Sett Low.spe,240,1.61E+05,246,44,12351,126,129411,362,650,61,1912,89,40553,269,-4783,150,70994,299,29457,221,23546,207,1192,158,2622,175,218819,487,40799,199
374-U1524A-1H-3-A_SHLF9353631 X 250.0mm   6s  10kV 160uA No-Filter DC10.0mm CC12.0mm Y  0.0mm Run1 Rep0 Sett Low.spe,250,1.54E+05,240,43,12164,124,115382,342,589,61,1586,87,35985,258,-3133,154,67594,293,24877,210,23565,206,1148,156,2152,169,214063,480,38664,195
374-U1524A-1H-3-A_SHLF9353631 X 260.0mm   6s  10kV 160uA No-Filter DC10.0mm CC12.0mm Y  0.0mm Run1 Rep0 Sett Low.spe,260,1.66E+05,369,44,12571,126,117235,345,622,62,2047,92,47736,286,-4749,156,72205,302,26391,215,25787,214,1358,162,2234,177,234018,502,42130,205
374-U1524A-1H-3-A_SHLF9353631 X 270.0mm   6s  10kV 160uA No-Filter DC10.0mm CC12.0mm Y  0.0mm Run1 Rep0 Sett Low.spe,270,1.63E+05,248,43,12584,126,116697,344,559,62,1707,90,43249,276,-4707,152,70701,298,24992,213,25014,212,1341,161,2173,176,232219,500,41600,201
374-U1524A-1H-3-A_SHLF9353631 X 280.0mm   6s  10kV 160uA No-Filter DC10.0mm CC12.0mm Y  0.0mm Run1 Rep0 Sett Low.spe,280,1.63E+05,311,44,12995,128,119462,349,600,63,1534,88,41414,271,-4691,150,71700,299,24220,209,24924,209,1182,160,2179,174,238365,505,39896,198
374-U1524A-1H-3-A_SHLF9353631 X 290.0mm   6s  10kV 160uA No-Filter DC10.0mm CC12.0mm Y  0.0mm Run1 Rep0 Sett Low.spe,290,1.62E+05,251,44,12701,128,129153,362,612,62,1499,87,39967,269,-4709,151,71059,299,24860,211,23294,207,1245,160,1756,173,224230,492,41111,199
374-U1524A-1H-3-A_SHLF9353631 X 300.0mm   6s  10kV 160uA No-Filter DC10.0mm CC12.0mm Y  0.0mm Run1 Rep0 Sett Low.spe,300,1.39E+05,246,39,10192,114,101736,321,551,56,1122,81,32798,248,-3108,149,58820,274,20017,192,19473,190,878,149,1381,162,199590,464,37872,190
374-U1524A-1H-3-A_SHLF9353631 X 310.0mm   6s  10kV 160uA No-Filter DC10.0mm CC12.0mm Y  0.0mm Run1 Rep0 Sett Low.spe,310,1.57E+05,213,43,11650,123,120853,350,635,60,1850,88,42439,272,-4370,151,68790,295,26638,214,23506,204,1240,157,2032,171,216704,483,40089,198
374-U1524A-1H-3-A_SHLF9353631 X 320.0mm   6s  10kV 160uA No-Filter DC10.0mm CC12.0mm Y  0.0mm Run1 Rep0 Sett Low.spe,320,1.57E+05,186,42,10436,117,118723,348,426,61,2111,94,51129,361,-5341,180,68496,299,30434,226,22763,207,1140,160,2497,176,194828,473,42102,285
374-U1524A-1H-3-A_SHLF9353631 X 330.0mm   6s  10kV 160uA No-Filter DC10.0mm CC12.0mm Y  0.0mm Run1 Rep0 Sett Low.spe,330,1.63E+05,273,43,11709,123,132792,367,729,63,1986,91,47177,284,-5191,154,73900,306,32630,231,23525,209,967,161,2565,177,201041,470,42295,205
374-U1524A-1H-3-A_SHLF9353631 X 340.0mm   6s  10kV 160uA No-Filter DC10.0mm CC12.0mm Y  0.0mm Run1 Rep0 Sett Low.spe,340,1.58E+05,225,40,10671,118,120996,351,527,59,2331,92,48610,351,-4877,175,70289,300,30846,227,22720,207,683,160,2419,177,200516,478,40886,278
374-U1524A-1H-3-A_SHLF9353631 X 350.0mm   6s  10kV 160uA No-Filter DC10.0mm CC12.0mm Y  0.0mm Run1 Rep0 Sett Low.spe,350,1.69E+05,273,43,11480,122,129611,362,509,60,2157,92,49931,291,-5444,154,75614,309,29892,226,24074,210,1120,163,2558,180,225646,495,43311,207
374-U1524A-1H-3-A_SHLF9353631 X 360.0mm   6s  10kV 160uA No-Filter DC10.0mm CC12.0mm Y  0.0mm Run1 Rep0 Sett Low.spe,360,1.58E+05,245,42,10646,118,119433,348,497,59,1852,88,43396,273,-4192,150,69984,297,27129,218,22023,203,969,157,2654,174,215184,483,39031,197
374-U1524A-1H-3-A_SHLF9353631 X 370.0mm   6s  10kV 160uA No-Filter DC10.0mm CC12.0mm Y  0.0mm Run1 Rep0 Sett Low.spe,370,1.70E+05,198,44,12229,126,127998,360,611,60,2183,91,46257,282,-4981,155,76873,310,27010,220,24118,211,1157,163,2267,179,239660,508,42023,204
374-U1524A-1H-3-A_SHLF9353631 X 380.0mm   6s  10kV 160uA No-Filter DC10.0mm CC12.0mm Y  0.0mm Run1 Rep0 Sett Low.spe,380,1.62E+05,294,43,11550,122,126813,359,515,60,1681,88,43661,337,-4043,176,73879,307,29258,225,23455,209,1342,160,2723,176,220328,498,38957,270
374-U1524A-1H-3-A_SHLF9353631 X 390.0mm   6s  10kV 160uA No-Filter DC10.0mm CC12.0mm Y  0.0mm Run1 Rep0 Sett Low.spe,390,1.55E+05,225,41,10522,117,116383,343,542,58,2074,89,45494,279,-4492,152,69509,297,28897,222,21552,202,1099,156,2645,173,203845,471,40955,201
374-U1524A-1H-3-A_SHLF9353631 X 400.0mm   6s  10kV 160uA No-Filter DC10.0mm CC12.0mm Y  0.0mm Run1 Rep0 Sett Low.spe,400,1.45E+05,256,39,9728,112,103563,324,511,57,1851,87,44088,273,-4337,147,64176,286,28015,217,19435,194,1131,152,2259,167,188103,454,38405,196
374-U1524A-1H-3-A_SHLF9353631 X 410.0mm   6s  10kV 160uA No-Filter DC10.0mm CC12.0mm Y  0.0mm Run1 Rep0 Sett Low.spe,410,1.61E+05,335,42,11285,120,117164,345,529,59,2222,92,49578,288,-4767,154,70749,300,30139,225,23627,208,724,160,2349,176,211871,480,41330,204
374-U1524A-1H-3-A_SHLF9353631 X 420.0mm   6s  10kV 160uA No-Filter DC10.0mm CC12.0mm Y  0.0mm Run1 Rep0 Sett Low.spe,420,1.62E+05,201,42,11038,120,112362,338,636,60,2713,95,52995,295,-4726,155,69685,298,27650,220,24597,212,1104,162,2373,177,214832,484,42680,207
374-U1524A-1H-3-A_SHLF9353631 X 430.0mm   6s  10kV 160uA No-Filter DC10.0mm CC12.0mm Y  0.0mm Run1 Rep0 Sett Low.spe,430,1.66E+05,303,43,12533,126,123452,354,611,61,2101,91,45707,281,-4899,153,71832,302,27279,219,26550,216,1133,162,2255,178,227543,496,41663,203
374-U1524A-1H-3-A_SHLF9353631 X 440.0mm   6s  10kV 160uA No-Filter DC10.0mm CC12.0mm Y  0.0mm Run1 Rep0 Sett Low.spe,440,1.60E+05,230,43,11424,122,115906,343,400,60,2176,92,47017,283,-4819,152,68940,296,26567,216,24924,212,868,161,1848,176,215011,484,41325,203
374-U1524A-1H-3-A_SHLF9353631 X 460.0mm   6s  10kV 160uA No-Filter DC10.0mm CC12.0mm Y  0.0mm Run1 Rep0 Sett Low.spe,460,1.60E+05,227,43,10455,117,110560,335,366,60,2235,94,51131,292,-4934,154,67892,295,26020,214,24168,210,861,161,2146,177,214712,484,42930,207
374-U1524A-1H-3-A_SHLF9353631 X 480.0mm   6s  10kV 160uA No-Filter DC10.0mm CC12.0mm Y  0.0mm Run1 Rep0 Sett Low.spe,480,1.66E+05,281,45,12827,128,128617,361,573,61,1958,90,44798,279,-4928,153,73398,304,26409,219,26110,216,1121,163,2585,177,225160,494,41632,202
374-U1524A-1H-3-A_SHLF9353631 X 500.0mm   6s  10kV 160uA No-Filter DC10.0mm CC12.0mm Y  0.0mm Run1 Rep0 Sett Low.spe,500,1.65E+05,283,44,13516,131,133430,368,565,61,1765,89,41330,271,-4943,151,74126,305,27287,219,26103,215,1114,161,2024,176,217994,487,40135,199
374-U1524A-1H-3-A_SHLF9353631 X 520.0mm   6s  10kV 160uA No-Filter DC10.0mm CC12.0mm Y  0.0mm Run1 Rep0 Sett Low.spe,520,1.50E+05,311,42,12166,124,117644,346,541,59,1656,86,37868,320,-4040,171,65536,290,22756,204,23151,205,918,156,2053,171,205029,480,37932,262
374-U1524A-1H-3-A_SHLF9353631 X 540.0mm   6s  10kV 160uA No-Filter DC10.0mm CC12.0mm Y  0.0mm Run1 Rep0 Sett Low.spe,540,1.67E+05,385,44,13577,130,130825,365,607,61,1902,91,42199,336,-4753,176,74304,307,24676,214,26201,216,1230,163,2218,179,230207,508,40772,273
374-U1524A-1H-3-A_SHLF9353631 X 560.0mm   6s  10kV 160uA No-Filter DC10.0mm CC12.0mm Y  0.0mm Run1 Rep0 Sett Low.spe,560,1.66E+05,260,44,12492,127,122175,352,685,62,2137,91,46416,282,-4724,154,72211,302,24999,214,25531,214,1079,162,1915,178,230823,500,41381,203
374-U1524A-1H-3-A_SHLF9353631 X 580.0mm   6s  10kV 160uA No-Filter DC10.0mm CC12.0mm Y  0.0mm Run1 Rep0 Sett Low.spe,580,1.66E+05,230,44,12596,127,123387,354,549,61,1843,90,43526,277,-4829,154,72803,303,25534,216,25300,214,1123,162,2302,177,230053,499,41741,203
374-U1524A-1H-3-A_SHLF9353631 X 600.0mm   6s  10kV 160uA No-Filter DC10.0mm CC12.0mm Y  0.0mm Run1 Rep0 Sett Low.spe,600,1.75E+05,229,46,14098,135,131287,365,653,63,1741,89,40373,271,-4813,153,78629,311,23678,210,26766,218,1221,164,2235,179,261301,527,42530,202
374-U1524A-1H-3-A_SHLF9353631 X 620.0mm   6s  10kV 160uA No-Filter DC10.0mm CC12.0mm Y  0.0mm Run1 Rep0 Sett Low.spe,620,1.63E+05,265,44,13354,130,122092,353,510,60,1432,85,36638,316,-4086,171,71877,301,21677,203,24688,211,1513,160,2158,176,252568,526,36871,259
374-U1524A-1H-3-A_SHLF9353631 X 640.0mm   6s  10kV 160uA No-Filter DC10.0mm CC12.0mm Y  0.0mm Run1 Rep0 Sett Low.spe,640,1.59E+05,279,43,13081,129,122570,353,568,61,1970,90,41174,331,-4502,174,71261,301,25691,214,25830,214,1073,160,2361,175,215792,493,39386,268
374-U1524A-1H-3-A_SHLF9353631 X 660.0mm   6s  10kV 160uA No-Filter DC10.0mm CC12.0mm Y  0.0mm Run1 Rep0 Sett Low.spe,660,1.63E+05,210,45,13244,130,124477,356,665,60,1896,88,41902,333,-4344,175,73012,304,24835,213,26004,215,1162,162,2415,178,227505,504,39040,269
374-U1524A-1H-3-A_SHLF9353631 X 680.0mm   6s  10kV 160uA No-Filter DC10.0mm CC12.0mm Y  0.0mm Run1 Rep0 Sett Low.spe,680,1.64E+05,276,44,13300,130,123591,355,655,61,1932,90,41712,334,-4394,176,72721,303,24873,213,26246,216,1137,161,2412,178,232594,510,39925,271
374-U1524A-1H-3-A_SHLF9353631 X 700.0mm   6s  10kV 160uA No-Filter DC10.0mm CC12.0mm Y  0.0mm Run1 Rep0 Sett Low.spe,700,1.66E+05,300,44,12516,126,121176,351,572,62,2055,91,45160,279,-4656,152,73320,304,24802,214,25354,214,1017,163,2258,178,234087,502,40885,202
374-U1524A-1H-3-A_SHLF9353631 X 720.0mm   6s  10kV 160uA No-Filter DC10.0mm CC12.0mm Y  0.0mm Run1 Rep0 Sett Low.spe,720,1.57E+05,331,42,10561,117,109627,334,437,58,2696,94,51105,290,-5128,153,67600,295,26547,217,24384,210,939,159,1921,174,201630,470,41228,205
374-U1524A-1H-3-A_SHLF9353631 X 740.0mm   6s  10kV 160uA No-Filter DC10.0mm CC12.0mm Y  0.0mm Run1 Rep0 Sett Low.spe,740,1.55E+05,234,43,10445,117,111037,336,427,60,2480,93,49855,286,-4289,152,66287,291,26458,216,23792,209,1085,161,2253,174,200839,469,39621,201
374-U1524A-1H-3-A_SHLF9353631 X 760.0mm   6s  10kV 160uA No-Filter DC10.0mm CC12.0mm Y  0.0mm Run1 Rep0 Sett Low.spe,760,1.58E+05,194,41,11621,122,116901,344,555,60,1869,88,39786,266,-4555,148,70572,298,28487,218,24548,208,1164,158,2121,172,220499,488,38679,195
374-U1524A-1H-3-A_SHLF9353631 X 790.0mm   6s  10kV 160uA No-Filter DC10.0mm CC12.0mm Y  0.0mm Run1 Rep0 Sett Low.spe,790,1.56E+05,152,42,10244,116,104310,326,583,60,2696,94,47712,283,-4707,152,69038,296,25286,213,23997,209,865,159,2029,173,213551,481,40325,202
374-U1524A-1H-3-A_SHLF9353631 X 800.0mm   6s  10kV 160uA No-Filter DC10.0mm CC12.0mm Y  0.0mm Run1 Rep0 Sett Low.spe,800,1.57E+05,200,42,10571,118,107444,331,531,60,2485,93,49370,286,-4628,151,70162,298,25836,214,23883,208,1153,161,1970,174,212271,480,39952,202
374-U1524A-1H-3-A_SHLF9353631 X 820.0mm   6s  10kV 160uA No-Filter DC10.0mm CC12.0mm Y  0.0mm Run1 Rep0 Sett Low.spe,820,1.55E+05,220,41,10372,116,104708,327,489,61,2224,93,48436,285,-5098,151,68977,296,25077,211,23828,207,944,158,2065,173,210406,478,40351,202
374-U1524A-1H-3-A_SHLF9353631 X 840.0mm   6s  10kV 160uA No-Filter DC10.0mm CC12.0mm Y  0.0mm Run1 Rep0 Sett Low.spe,840,1.49E+05,136,40,9011,110,98639,317,353,59,2310,92,51383,290,-4707,150,67414,292,22382,204,20801,199,808,155,1684,169,197531,465,40418,202
374-U1524A-1H-3-A_SHLF9353631 X 860.0mm   6s  10kV 160uA No-Filter DC10.0mm CC12.0mm Y  0.0mm Run1 Rep0 Sett Low.spe,860,1.56E+05,240,41,11526,121,115038,342,571,60,2054,90,45013,277,-4445,151,73058,302,23932,209,23027,204,1080,157,1891,172,211493,479,39695,199
374-U1524A-1H-3-A_SHLF9353631 X 880.0mm   6s  10kV 160uA No-Filter DC10.0mm CC12.0mm Y  0.0mm Run1 Rep0 Sett Low.spe,880,1.59E+05,318,41,11367,120,117571,345,619,60,2107,91,45556,278,-4620,150,72777,303,26299,216,24553,210,1007,159,2144,174,212970,481,39236,199
374-U1524A-1H-3-A_SHLF9353631 X 900.0mm   6s  10kV 160uA No-Filter DC10.0mm CC12.0mm Y  0.0mm Run1 Rep0 Sett Low.spe,900,1.61E+05,169,44,11569,123,121462,351,643,61,2237,93,47079,282,-4820,151,71689,301,29194,222,25644,214,832,160,2603,176,209860,479,40025,201
374-U1524A-1H-3-A_SHLF9353631 X 920.0mm   6s  10kV 160uA No-Filter DC10.0mm CC12.0mm Y  0.0mm Run1 Rep0 Sett Low.spe,920,1.59E+05,211,43,10191,116,111006,336,566,59,2731,93,51829,292,-4889,153,68041,295,27716,220,24425,210,1044,160,2453,176,208104,477,41873,205
374-U1524A-1H-3-A_SHLF9353631 X 930.0mm   6s  10kV 160uA No-Filter DC10.0mm CC12.0mm Y  0.0mm Run1 Rep0 Sett Low.spe,930,1.57E+05,185,40,10189,115,111410,336,446,59,2583,95,53127,294,-5030,153,66184,292,27367,218,24078,209,890,158,2125,174,201047,470,41445,206