 Spectrum , Sample , Throughput , K -Ka Area , K -Ka AreaStd , Ca-Ka Area , Ca-Ka AreaStd , Ti-Ka Area , Ti-Ka AreaStd , Mn-Ka Area , Mn-Ka AreaStd , Fe-Ka Area , Fe-Ka AreaStd , Co-Ka Area , Co-Ka AreaStd , Ni-Ka Area , Ni-Ka AreaStd , Cu-Ka Area , Cu-Ka AreaStd , Zn-Ka Area , Zn-Ka AreaStd , Ga-Ka Area , Ga-Ka AreaStd , As-Ka Area , As-Ka AreaStd , Br-Ka Area , Br-Ka AreaStd , Rb-Ka Area , Rb-Ka AreaStd , Sr-Ka Area , Sr-Ka AreaStd , Y -Ka Area , Y -Ka AreaStd , Zr-Ka Area , Zr-Ka AreaStd , Nb-Ka Area , Nb-Ka AreaStd , Mo-Ka Area , Mo-Ka AreaStd , Rh-Ka-Inc Area , Rh-Ka-Inc AreaStd , Rh-Ka-Coh Area , Rh-Ka-Coh AreaStd 
363-U1487A-3H-3-A_SHLF8287801 X  20.0mm   6s  30kV 1250uA Pd-Thick DC10.0mm CC12.0mm Y  0.0mm Run2 Rep0 Sett Middle.spe,20,1.49E+05,657,40,78116,266,314,33,1737,51,27832,164,218,45,4749,74,234,31,331,32,44,25,164,27,2138,56,354,56,51621,237,265,80,1690,141,49,133,252,172,48199,557,29953,329
363-U1487A-3H-3-A_SHLF8287801 X  40.0mm   6s  30kV 1250uA Pd-Thick DC10.0mm CC12.0mm Y  0.0mm Run2 Rep0 Sett Middle.spe,40,1.47E+05,704,37,74913,260,384,34,1817,52,29144,168,151,45,4735,74,287,32,356,32,70,25,95,27,1996,55,366,56,51635,237,316,80,1448,141,111,133,146,171,47957,555,30303,328
363-U1487A-3H-3-A_SHLF8287801 X  60.0mm   6s  30kV 1250uA Pd-Thick DC10.0mm CC12.0mm Y  0.0mm Run2 Rep0 Sett Middle.spe,60,1.40E+05,599,36,78759,267,288,32,1415,47,32113,175,332,48,4758,74,200,30,313,31,100,25,89,27,1725,52,282,53,47139,226,183,75,1513,136,198,129,368,166,44361,534,28813,319
363-U1487A-3H-3-A_SHLF8287801 X  80.0mm   6s  30kV 1250uA Pd-Thick DC10.0mm CC12.0mm Y  0.0mm Run2 Rep0 Sett Middle.spe,80,1.44E+05,683,39,76013,263,324,33,2016,53,27423,163,189,45,4738,74,282,31,405,32,65,23,93,25,1902,53,370,57,51365,236,353,79,1475,140,41,131,187,168,46807,542,29538,324
363-U1487A-3H-3-A_SHLF8287801 X 100.0mm   6s  30kV 1250uA Pd-Thick DC10.0mm CC12.0mm Y  0.0mm Run2 Rep0 Sett Middle.spe,100,1.44E+05,727,38,78923,267,406,33,1892,50,26851,161,230,45,4753,74,238,31,421,33,69,25,43,26,1815,53,467,54,50944,234,256,77,1652,138,359,131,556,168,46369,542,29617,324
363-U1487A-3H-3-A_SHLF8287801 X 120.0mm   6s  30kV 1250uA Pd-Thick DC10.0mm CC12.0mm Y  0.0mm Run2 Rep0 Sett Middle.spe,120,1.46E+05,648,38,77735,266,341,33,1828,51,27303,162,224,44,4695,73,249,32,356,32,75,25,44,26,1951,55,439,55,52369,238,243,79,1702,141,69,131,194,170,46266,539,29610,326
363-U1487A-3H-3-A_SHLF8287801 X 140.0mm   6s  30kV 1250uA Pd-Thick DC10.0mm CC12.0mm Y  0.0mm Run2 Rep0 Sett Middle.spe,140,1.44E+05,622,38,79417,268,372,33,1768,50,27089,162,232,44,4709,74,212,31,404,32,42,24,75,26,1938,53,396,53,51240,235,236,78,1658,140,157,130,117,168,47068,544,30196,324
363-U1487A-3H-3-A_SHLF8287801 X 160.0mm   6s  30kV 1250uA Pd-Thick DC10.0mm CC12.0mm Y  0.0mm Run2 Rep0 Sett Middle.spe,160,1.43E+05,645,38,75709,262,301,33,1740,51,30747,172,284,48,4688,74,256,32,333,32,49,25,146,28,1952,54,399,53,50873,234,315,77,1753,139,20,130,302,168,46510,539,29796,324
363-U1487A-3H-3-A_SHLF8287801 X 180.0mm   6s  30kV 1250uA Pd-Thick DC10.0mm CC12.0mm Y  0.0mm Run2 Rep0 Sett Middle.spe,180,1.43E+05,549,38,79247,268,327,33,1890,51,29161,167,217,45,4776,74,260,31,382,31,21,23,100,27,1952,54,285,53,50436,233,153,77,1359,138,87,128,570,167,46529,539,28696,320
363-U1487A-3H-3-A_SHLF8287801 X 200.0mm   6s  30kV 1250uA Pd-Thick DC10.0mm CC12.0mm Y  0.0mm Run2 Rep0 Sett Middle.spe,200,1.41E+05,655,38,75436,261,344,32,1707,50,29754,169,256,47,4722,74,266,32,391,31,86,25,140,27,1982,54,318,55,49641,232,164,76,1359,137,216,129,56,166,46625,537,29236,320
363-U1487A-3H-3-A_SHLF8287801 X 220.0mm   6s  30kV 1250uA Pd-Thick DC10.0mm CC12.0mm Y  0.0mm Run2 Rep0 Sett Middle.spe,220,1.41E+05,628,37,80818,270,359,33,1728,51,31142,173,316,46,4767,74,219,31,304,31,40,25,89,25,1788,53,336,53,49064,231,379,77,1643,136,221,129,212,165,44271,532,27810,318
363-U1487A-3H-3-A_SHLF8287801 X 240.0mm   6s  30kV 1250uA Pd-Thick DC10.0mm CC12.0mm Y  0.0mm Run2 Rep0 Sett Middle.spe,240,1.44E+05,693,36,78447,266,364,33,1857,51,29791,169,308,47,4833,74,242,31,385,32,51,25,129,27,1993,55,350,55,51076,235,259,77,1383,139,199,130,20,168,46318,542,28973,322
363-U1487A-3H-3-A_SHLF8287801 X 260.0mm   6s  30kV 1250uA Pd-Thick DC10.0mm CC12.0mm Y  0.0mm Run2 Rep0 Sett Middle.spe,260,1.45E+05,677,38,76096,262,417,33,1771,52,31946,175,252,47,4854,74,271,31,356,32,33,24,80,26,2075,56,428,55,50274,233,315,78,1577,138,288,130,533,169,47648,549,29855,325
363-U1487A-3H-3-A_SHLF8287801 X 280.0mm   6s  30kV 1250uA Pd-Thick DC10.0mm CC12.0mm Y  0.0mm Run2 Rep0 Sett Middle.spe,280,1.47E+05,777,36,76633,263,429,34,1895,53,31474,174,257,47,4833,74,262,31,418,32,95,24,83,26,1998,55,367,56,51628,236,290,78,1726,140,117,132,139,170,46824,546,29548,327
363-U1487A-3H-3-A_SHLF8287801 X 300.0mm   6s  30kV 1250uA Pd-Thick DC10.0mm CC12.0mm Y  0.0mm Run2 Rep0 Sett Middle.spe,300,1.48E+05,752,39,75192,261,413,35,1935,53,38563,192,328,50,4885,75,271,31,411,33,26,25,121,28,2064,55,386,56,50467,234,312,79,1569,140,37,131,69,169,47689,548,30013,327
363-U1487A-3H-3-A_SHLF8287801 X 320.0mm   6s  30kV 1250uA Pd-Thick DC10.0mm CC12.0mm Y  0.0mm Run2 Rep0 Sett Middle.spe,320,1.48E+05,792,39,71959,255,413,34,2036,54,39509,194,322,51,4770,74,233,30,383,32,38,25,93,27,1927,54,544,57,50361,234,143,78,1773,140,383,133,276,170,47746,550,29763,328
363-U1487A-3H-3-A_SHLF8287801 X 340.0mm   6s  30kV 1250uA Pd-Thick DC10.0mm CC12.0mm Y  0.0mm Run2 Rep0 Sett Middle.spe,340,1.47E+05,702,38,75862,262,398,34,2031,54,31950,176,233,48,4707,74,267,32,379,33,45,25,128,27,1976,54,429,56,51812,237,328,79,1582,141,37,133,257,169,47918,549,29553,327
363-U1487A-3H-3-A_SHLF8287801 X 360.0mm   6s  30kV 1250uA Pd-Thick DC10.0mm CC12.0mm Y  0.0mm Run2 Rep0 Sett Middle.spe,360,1.46E+05,745,39,74666,260,452,35,2083,54,33188,179,332,49,4795,75,187,31,350,32,70,25,64,27,1878,54,454,55,50959,235,336,80,1858,141,137,132,585,171,47156,550,29485,325
363-U1487A-3H-3-A_SHLF8287801 X 380.0mm   6s  30kV 1250uA Pd-Thick DC10.0mm CC12.0mm Y  0.0mm Run2 Rep0 Sett Middle.spe,380,1.47E+05,740,40,72882,258,409,35,2266,56,35967,186,319,50,4880,75,264,32,367,32,67,25,65,26,2010,55,517,56,51015,235,299,79,1846,141,286,131,97,171,46758,550,29355,327
363-U1487A-3H-3-A_SHLF8287801 X 400.0mm   6s  30kV 1250uA Pd-Thick DC10.0mm CC12.0mm Y  0.0mm Run2 Rep0 Sett Middle.spe,400,1.45E+05,649,38,73353,258,477,35,2202,56,36351,187,278,49,4849,75,262,31,348,31,48,24,104,26,1848,53,516,57,50401,234,241,79,1880,140,150,130,238,169,47152,546,29060,323
363-U1487A-3H-3-A_SHLF8287801 X 420.0mm   6s  30kV 1250uA Pd-Thick DC10.0mm CC12.0mm Y  0.0mm Run2 Rep0 Sett Middle.spe,420,1.45E+05,709,37,71788,255,460,35,1943,53,38139,191,235,50,4773,75,210,31,355,31,64,24,82,26,1792,53,515,55,48370,230,453,80,2123,140,139,131,154,169,47419,538,28725,323
363-U1487A-3H-3-A_SHLF8287801 X 440.0mm   6s  30kV 1250uA Pd-Thick DC10.0mm CC12.0mm Y  0.0mm Run2 Rep0 Sett Middle.spe,440,1.45E+05,673,37,75479,261,418,35,1937,53,31207,174,223,47,4684,74,306,32,306,31,50,26,86,27,1916,53,371,55,50116,233,330,79,1621,140,64,132,356,169,47860,546,29875,325
363-U1487A-3H-3-A_SHLF8287801 X 460.0mm   6s  30kV 1250uA Pd-Thick DC10.0mm CC12.0mm Y  0.0mm Run2 Rep0 Sett Middle.spe,460,1.46E+05,674,38,68527,250,566,37,2034,54,39876,196,278,52,4568,74,210,31,412,33,48,25,84,27,1864,54,499,56,47099,227,301,79,1814,139,269,133,384,171,48503,545,29248,325
363-U1487A-3H-3-A_SHLF8287801 X 480.0mm   6s  30kV 1250uA Pd-Thick DC10.0mm CC12.0mm Y  0.0mm Run2 Rep0 Sett Middle.spe,480,1.44E+05,679,37,65720,244,609,37,1991,53,44407,205,377,53,4798,75,226,32,392,33,63,25,110,27,2042,55,507,55,45692,224,211,78,2291,140,249,132,47,169,47805,546,28360,322
363-U1487A-3H-3-A_SHLF8287801 X 520.0mm   6s  30kV 1250uA Pd-Thick DC10.0mm CC12.0mm Y  0.0mm Run2 Rep0 Sett Middle.spe,520,1.38E+05,720,35,74838,259,512,34,1799,50,33277,178,255,47,4648,73,235,31,311,31,79,25,142,27,1740,52,360,53,45692,223,356,77,1778,136,122,128,278,165,44979,529,27960,315
363-U1487A-3H-3-A_SHLF8287801 X 540.0mm   6s  30kV 1250uA Pd-Thick DC10.0mm CC12.0mm Y  0.0mm Run2 Rep0 Sett Middle.spe,540,1.47E+05,713,38,66200,245,679,38,1822,53,45337,208,510,54,4839,74,281,32,400,33,26,25,91,27,2023,55,485,56,47831,229,410,79,2196,142,85,133,6,171,47882,551,28956,326
363-U1487A-3H-3-A_SHLF8287801 X 560.0mm   6s  30kV 1250uA Pd-Thick DC10.0mm CC12.0mm Y  0.0mm Run2 Rep0 Sett Middle.spe,560,1.51E+05,604,39,71555,255,689,40,2018,54,42466,201,285,52,4747,75,223,31,452,33,88,25,109,27,2052,55,348,56,49156,231,415,80,2389,144,81,134,500,172,48482,555,29169,330
363-U1487A-3H-3-A_SHLF8287801 X 580.0mm   6s  30kV 1250uA Pd-Thick DC10.0mm CC12.0mm Y  0.0mm Run2 Rep0 Sett Middle.spe,580,1.46E+05,633,37,80563,270,491,36,1636,49,35889,185,280,48,4686,74,205,31,336,31,51,25,145,28,1813,53,337,54,47909,229,371,78,2100,140,175,131,241,168,46050,543,29827,324
363-U1487A-3H-3-A_SHLF8287801 X 600.0mm   6s  30kV 1250uA Pd-Thick DC10.0mm CC12.0mm Y  0.0mm Run2 Rep0 Sett Middle.spe,600,1.48E+05,674,37,73597,258,607,37,1960,52,37146,188,320,50,4697,74,266,32,430,33,41,25,74,27,1877,54,306,55,49568,232,499,79,2199,141,373,132,270,170,47654,551,29970,328
363-U1487A-3H-3-A_SHLF8287801 X 620.0mm   6s  30kV 1250uA Pd-Thick DC10.0mm CC12.0mm Y  0.0mm Run2 Rep0 Sett Middle.spe,620,1.50E+05,635,39,67617,248,589,38,1880,52,44392,205,432,54,4790,75,297,33,382,33,71,25,107,28,2035,55,570,56,49336,232,399,81,2442,144,365,135,201,172,48447,559,30025,330
363-U1487A-3H-3-A_SHLF8287801 X 640.0mm   6s  30kV 1250uA Pd-Thick DC10.0mm CC12.0mm Y  0.0mm Run2 Rep0 Sett Middle.spe,640,1.49E+05,754,36,71601,254,655,38,1596,50,43957,204,370,53,4803,75,249,32,380,33,87,27,88,27,1950,54,379,56,47687,228,422,80,2495,143,176,134,181,171,47474,550,29137,328
363-U1487A-3H-3-A_SHLF8287801 X 660.0mm   6s  30kV 1250uA Pd-Thick DC10.0mm CC12.0mm Y  0.0mm Run2 Rep0 Sett Middle.spe,660,1.52E+05,681,39,62775,239,902,42,1515,49,53774,225,676,59,4835,76,220,32,473,35,89,26,105,27,2288,57,498,57,45135,224,518,83,3480,147,38,135,341,174,49448,559,29502,330
363-U1487A-3H-3-A_SHLF8287801 X 680.0mm   6s  30kV 1250uA Pd-Thick DC10.0mm CC12.0mm Y  0.0mm Run2 Rep0 Sett Middle.spe,680,1.50E+05,856,39,68737,250,871,40,1539,49,47072,211,437,55,4753,75,244,31,474,34,69,26,117,27,2128,57,533,57,46494,226,429,81,3448,146,493,135,150,172,48747,556,29338,328
363-U1487A-3H-3-A_SHLF8287801 X 700.0mm   6s  30kV 1250uA Pd-Thick DC10.0mm CC12.0mm Y  0.0mm Run2 Rep0 Sett Middle.spe,700,1.50E+05,791,39,66704,246,873,42,1517,50,51227,220,605,57,4693,74,279,31,577,36,76,27,173,29,2026,55,569,57,44542,222,570,82,3664,146,223,135,219,174,49010,556,29197,329
363-U1487A-3H-3-A_SHLF8287801 X 720.0mm   6s  30kV 1250uA Pd-Thick DC10.0mm CC12.0mm Y  0.0mm Run2 Rep0 Sett Middle.spe,720,1.49E+05,814,39,67203,247,876,41,1560,49,50937,219,529,56,4744,75,266,32,536,35,52,26,102,28,2013,55,548,57,45035,223,482,82,3556,146,253,133,581,172,47544,553,28944,327
363-U1487A-3H-3-A_SHLF8287801 X 740.0mm   6s  30kV 1250uA Pd-Thick DC10.0mm CC12.0mm Y  0.0mm Run2 Rep0 Sett Middle.spe,740,1.48E+05,728,39,64452,242,911,42,1443,48,55562,229,486,57,4558,74,223,32,483,35,69,27,79,27,1989,55,503,57,43263,218,735,81,4149,146,190,133,127,171,47916,551,28929,326
363-U1487A-3H-3-A_SHLF8287801 X 760.0mm   6s  30kV 1250uA Pd-Thick DC10.0mm CC12.0mm Y  0.0mm Run2 Rep0 Sett Middle.spe,760,1.50E+05,856,40,58048,230,1333,46,1597,51,72370,260,804,64,4682,75,219,32,545,36,59,26,68,28,1867,53,721,58,38662,207,789,83,5091,149,231,135,160,172,48931,552,28946,323
363-U1487A-3H-3-A_SHLF8287801 X 780.0mm   6s  30kV 1250uA Pd-Thick DC10.0mm CC12.0mm Y  0.0mm Run2 Rep0 Sett Middle.spe,780,1.51E+05,868,41,44740,203,1730,51,1651,52,96368,300,1047,71,4505,75,268,33,615,37,145,28,88,27,2012,54,682,58,34738,198,1125,84,6727,152,373,135,169,171,46671,543,28481,322
363-U1487A-3H-3-A_SHLF8287801 X 820.0mm   6s  30kV 1250uA Pd-Thick DC10.0mm CC12.0mm Y  0.0mm Run2 Rep0 Sett Middle.spe,820,1.47E+05,755,39,43618,200,1304,46,1420,50,81731,276,814,66,4531,74,251,31,526,34,112,27,112,28,2078,55,717,57,35347,200,578,82,4417,145,420,135,129,172,48435,549,27791,321
363-U1487A-3H-3-A_SHLF8287801 X 840.0mm   6s  30kV 1250uA Pd-Thick DC10.0mm CC12.0mm Y  0.0mm Run2 Rep0 Sett Middle.spe,840,1.48E+05,865,41,51778,218,1442,47,1615,52,75451,266,824,65,4718,75,252,32,611,36,138,26,76,27,1937,53,727,57,38915,208,975,83,5060,148,240,134,43,170,46940,549,27924,323
363-U1487A-3H-3-A_SHLF8287801 X 860.0mm   6s  30kV 1250uA Pd-Thick DC10.0mm CC12.0mm Y  0.0mm Run2 Rep0 Sett Middle.spe,860,1.46E+05,1071,42,28125,162,2885,60,1927,57,134122,352,1467,78,4381,73,277,32,855,40,89,27,90,27,1558,50,984,57,22884,164,1659,86,10076,156,502,131,350,166,44038,520,26891,311
363-U1487A-3H-3-A_SHLF8287801 X 880.0mm   6s  30kV 1250uA Pd-Thick DC10.0mm CC12.0mm Y  0.0mm Run2 Rep0 Sett Middle.spe,880,1.43E+05,825,38,50046,214,1257,44,1446,49,75962,266,752,64,4471,73,304,32,464,33,67,25,95,27,1710,52,589,57,37969,206,834,80,4154,141,385,131,100,167,45685,531,27445,316
363-U1487A-3H-3-A_SHLF8287801 X 900.0mm   6s  30kV 1250uA Pd-Thick DC10.0mm CC12.0mm Y  0.0mm Run2 Rep0 Sett Middle.spe,900,1.48E+05,812,40,38656,189,1592,48,1326,49,110225,320,1190,74,4453,74,278,32,440,34,65,27,109,27,1900,53,871,57,30710,187,644,81,4200,140,164,132,502,170,47054,534,27452,318
363-U1487A-3H-3-A_SHLF8287801 X 920.0mm   6s  30kV 1250uA Pd-Thick DC10.0mm CC12.0mm Y  0.0mm Run2 Rep0 Sett Middle.spe,920,1.45E+05,792,39,39849,191,1684,49,1383,51,104251,311,1073,73,4358,74,245,32,461,34,75,26,86,27,1789,52,831,57,31303,189,581,80,4712,141,468,131,152,167,46318,530,26917,313
363-U1487A-3H-3-A_SHLF8287801 X 940.0mm   6s  30kV 1250uA Pd-Thick DC10.0mm CC12.0mm Y  0.0mm Run2 Rep0 Sett Middle.spe,940,1.41E+05,709,38,61620,237,1042,43,1220,47,57222,232,581,58,4664,74,265,31,421,33,75,25,105,26,1764,51,627,55,39868,210,416,79,3274,140,315,130,476,167,46275,531,27675,316
363-U1487A-3H-3-A_SHLF8287801 X 960.0mm   6s  30kV 1250uA Pd-Thick DC10.0mm CC12.0mm Y  0.0mm Run2 Rep0 Sett Middle.spe,960,1.48E+05,673,39,58506,231,927,41,1257,47,66682,250,686,62,4559,74,266,33,449,34,87,26,108,27,1899,53,622,57,40784,212,510,81,3477,142,408,132,222,171,47660,542,28769,323
363-U1487A-3H-3-A_SHLF8287801 X 980.0mm   6s  30kV 1250uA Pd-Thick DC10.0mm CC12.0mm Y  0.0mm Run2 Rep0 Sett Middle.spe,980,1.43E+05,566,38,70619,253,641,38,1181,44,45365,207,436,52,4700,74,288,31,298,31,59,25,123,27,1849,52,577,54,43066,217,413,79,2176,138,204,130,425,167,46093,539,28296,319
363-U1487A-3H-3-A_SHLF8287801 X1000.0mm   6s  30kV 1250uA Pd-Thick DC10.0mm CC12.0mm Y  0.0mm Run2 Rep0 Sett Middle.spe,1000,1.41E+05,659,37,74773,260,704,39,1075,44,46141,209,433,53,4685,74,213,31,357,32,76,24,148,27,1623,51,566,54,43764,219,417,77,2659,137,276,128,196,165,44001,531,28451,318
363-U1487A-3H-3-A_SHLF8287801 X1020.0mm   6s  30kV 1250uA Pd-Thick DC10.0mm CC12.0mm Y  0.0mm Run2 Rep0 Sett Middle.spe,1020,1.39E+05,647,39,74245,260,659,38,1190,45,42738,201,395,51,4540,73,191,30,348,32,45,24,105,27,1631,50,497,54,43346,218,447,76,2546,137,95,128,214,164,43701,526,28045,314
363-U1487A-3H-3-A_SHLF8287801 X1040.0mm   6s  30kV 1250uA Pd-Thick DC10.0mm CC12.0mm Y  0.0mm Run2 Rep0 Sett Middle.spe,1040,1.36E+05,617,37,75179,261,621,38,989,42,41850,199,514,51,4669,73,254,30,317,30,65,25,107,27,1631,50,554,54,40447,211,430,77,2689,136,164,126,149,163,44196,517,26751,310
363-U1487A-3H-3-A_SHLF8287801 X1060.0mm   6s  30kV 1250uA Pd-Thick DC10.0mm CC12.0mm Y  0.0mm Run2 Rep0 Sett Middle.spe,1060,1.38E+05,694,37,73799,258,672,37,1040,43,40881,197,456,51,4645,73,200,30,389,31,43,23,85,26,1645,51,560,55,42282,216,417,77,2473,137,159,128,170,164,45383,526,28070,314
363-U1487A-3H-3-A_SHLF8287801 X1080.0mm   6s  30kV 1250uA Pd-Thick DC10.0mm CC12.0mm Y  0.0mm Run2 Rep0 Sett Middle.spe,1080,1.40E+05,608,38,73219,258,782,38,1131,44,46051,209,449,53,4635,74,226,30,357,31,71,23,82,26,1670,51,521,54,42377,215,300,78,2657,138,278,129,189,166,44176,524,27474,315
363-U1487A-3H-3-A_SHLF8287801 X1100.0mm   6s  30kV 1250uA Pd-Thick DC10.0mm CC12.0mm Y  0.0mm Run2 Rep0 Sett Middle.spe,1100,1.42E+05,618,39,72710,257,679,39,1385,47,45963,208,449,53,4708,74,189,30,327,31,32,24,132,27,1731,51,716,56,44444,220,479,79,2781,140,142,128,155,166,45051,538,28278,317
363-U1487A-3H-3-A_SHLF8287801 X1120.0mm   6s  30kV 1250uA Pd-Thick DC10.0mm CC12.0mm Y  0.0mm Run2 Rep0 Sett Middle.spe,1120,1.43E+05,645,36,70966,253,677,38,1272,46,45656,208,363,52,4710,74,210,31,331,31,57,25,130,27,1876,53,492,55,44035,220,410,78,2483,140,51,130,88,169,45689,539,28168,320
363-U1487A-3H-3-A_SHLF8287801 X1140.0mm   6s  30kV 1250uA Pd-Thick DC10.0mm CC12.0mm Y  0.0mm Run2 Rep0 Sett Middle.spe,1140,1.39E+05,651,38,77558,265,457,36,1052,43,42274,200,461,52,4572,73,240,30,394,31,76,23,99,27,1673,50,530,54,42339,215,426,77,2386,136,74,128,225,165,44798,530,27507,313
363-U1487A-3H-3-A_SHLF8287801 X1160.0mm   6s  30kV 1250uA Pd-Thick DC10.0mm CC12.0mm Y  0.0mm Run2 Rep0 Sett Middle.spe,1160,1.43E+05,599,38,72465,257,486,35,1208,44,39996,194,346,50,4638,73,207,29,447,32,81,24,94,27,1833,52,531,55,45926,225,366,80,2429,140,116,131,384,170,47598,543,28072,320
363-U1487A-3H-3-A_SHLF8287801 X1180.0mm   6s  30kV 1250uA Pd-Thick DC10.0mm CC12.0mm Y  0.0mm Run2 Rep0 Sett Middle.spe,1180,1.43E+05,617,36,70705,253,437,34,1050,44,36685,187,325,50,4707,74,221,31,373,32,47,25,111,26,2101,55,632,57,47086,227,346,80,2873,142,186,130,54,168,46674,542,28700,323
363-U1487A-3H-3-A_SHLF8287801 X1200.0mm   6s  30kV 1250uA Pd-Thick DC10.0mm CC12.0mm Y  0.0mm Run2 Rep0 Sett Middle.spe,1200,1.45E+05,626,39,76075,263,387,35,1072,44,39497,194,404,51,4756,74,227,30,432,33,42,25,95,28,1921,53,431,56,46636,226,411,80,2562,141,309,131,235,169,46561,538,29639,324
363-U1487A-3H-3-A_SHLF8287801 X1220.0mm   6s  30kV 1250uA Pd-Thick DC10.0mm CC12.0mm Y  0.0mm Run2 Rep0 Sett Middle.spe,1220,1.44E+05,750,36,78423,266,451,35,1057,44,39472,194,390,51,4676,74,177,31,323,31,21,25,74,26,1826,53,630,57,45124,223,507,80,3068,142,233,130,344,167,45533,539,28947,322
363-U1487A-3H-3-A_SHLF8287801 X1240.0mm   6s  30kV 1250uA Pd-Thick DC10.0mm CC12.0mm Y  0.0mm Run2 Rep0 Sett Middle.spe,1240,1.43E+05,686,38,80970,271,423,35,1123,43,38553,191,328,50,4725,74,204,30,322,31,50,24,90,27,1804,52,549,55,45842,224,304,78,2629,140,73,130,126,168,46083,539,28446,319
363-U1487A-3H-3-A_SHLF8287801 X1260.0mm   6s  30kV 1250uA Pd-Thick DC10.0mm CC12.0mm Y  0.0mm Run2 Rep0 Sett Middle.spe,1260,1.48E+05,825,40,70586,253,619,38,1330,47,51361,220,445,56,4645,74,244,31,431,33,51,25,93,27,1890,54,653,58,44942,222,483,81,3707,146,350,131,487,170,46111,548,29973,325
363-U1487A-3H-3-A_SHLF8287801 X1280.0mm   6s  30kV 1250uA Pd-Thick DC10.0mm CC12.0mm Y  0.0mm Run2 Rep0 Sett Middle.spe,1280,1.45E+05,768,39,63659,241,633,38,1226,46,55014,228,628,58,4575,74,217,32,457,33,75,26,47,28,1789,53,675,57,42816,217,663,81,4138,146,135,132,337,169,46042,547,27707,321
363-U1487A-3H-3-A_SHLF8287801 X1300.0mm   6s  30kV 1250uA Pd-Thick DC10.0mm CC12.0mm Y  0.0mm Run2 Rep0 Sett Middle.spe,1300,1.48E+05,871,40,57916,230,755,39,1457,48,63396,244,567,60,4743,75,272,32,613,36,129,27,127,27,2132,55,750,58,38892,208,1010,85,6103,154,318,135,666,172,47731,549,28366,325
363-U1487A-3H-3-A_SHLF8287801 X1320.0mm   6s  30kV 1250uA Pd-Thick DC10.0mm CC12.0mm Y  0.0mm Run2 Rep0 Sett Middle.spe,1320,1.42E+05,747,38,60382,234,710,38,1399,47,53335,224,503,56,4677,74,218,31,454,33,48,25,130,26,1799,53,619,56,41857,215,710,81,3984,144,221,131,321,168,45522,537,28177,319
363-U1487A-3H-3-A_SHLF8287801 X1340.0mm   6s  30kV 1250uA Pd-Thick DC10.0mm CC12.0mm Y  0.0mm Run2 Rep0 Sett Middle.spe,1340,1.45E+05,691,39,69968,252,516,36,1286,46,46365,209,400,53,4734,74,199,30,324,31,86,25,93,27,1826,52,682,56,44012,219,451,80,3502,143,480,131,275,169,46806,542,29462,323
363-U1487A-3H-3-A_SHLF8287801 X1360.0mm   6s  30kV 1250uA Pd-Thick DC10.0mm CC12.0mm Y  0.0mm Run2 Rep0 Sett Middle.spe,1360,1.44E+05,654,36,83190,274,387,33,1228,44,34598,182,323,49,4770,74,202,30,277,30,73,24,102,27,1870,53,415,54,46251,225,320,77,1856,137,134,129,341,168,45511,533,29149,322
363-U1487A-3H-3-A_SHLF8287801 X1380.0mm   6s  30kV 1250uA Pd-Thick DC10.0mm CC12.0mm Y  0.0mm Run2 Rep0 Sett Middle.spe,1380,1.46E+05,602,37,73930,259,374,34,1415,46,34408,181,343,48,4797,74,262,30,361,31,76,25,79,26,2061,55,444,56,48160,229,315,79,1935,140,203,131,111,170,47647,547,29719,326
363-U1487A-3H-3-A_SHLF8287801 X1400.0mm   6s  30kV 1250uA Pd-Thick DC10.0mm CC12.0mm Y  0.0mm Run2 Rep0 Sett Middle.spe,1400,1.46E+05,635,36,84071,275,333,32,1313,46,31839,174,308,47,4760,74,275,32,316,30,49,24,86,26,1993,54,347,54,47443,227,217,77,1707,138,140,131,257,168,46576,544,29474,324
363-U1487A-3H-3-A_SHLF8287801 X1420.0mm   6s  30kV 1250uA Pd-Thick DC10.0mm CC12.0mm Y  0.0mm Run2 Rep0 Sett Middle.spe,1420,1.45E+05,632,37,75730,262,408,35,1428,48,32530,177,277,48,4652,74,208,31,342,32,47,25,111,27,2150,55,358,55,47899,229,324,80,2162,142,145,133,158,170,47407,550,28805,324
363-U1487A-3H-3-A_SHLF8287801 X1440.0mm   6s  30kV 1250uA Pd-Thick DC10.0mm CC12.0mm Y  0.0mm Run2 Rep0 Sett Middle.spe,1440,1.38E+05,597,35,82755,273,357,33,1119,44,35425,184,287,49,4536,73,212,31,309,30,118,24,74,25,1599,50,404,53,43195,218,394,76,2318,136,126,128,144,164,43654,529,27012,313
363-U1487A-3H-4-A_SHLF8287831 X  20.0mm   6s  30kV 1250uA Pd-Thick DC10.0mm CC12.0mm Y  0.0mm Run2 Rep0 Sett Middle.spe,20,1.48E+05,604,39,83130,275,395,35,1310,46,33229,179,327,48,4820,75,250,31,412,32,57,25,84,27,2164,55,402,56,49397,232,220,79,1972,141,219,133,629,170,46875,553,29252,326
363-U1487A-3H-4-A_SHLF8287831 X  40.0mm   6s  30kV 1250uA Pd-Thick DC10.0mm CC12.0mm Y  0.0mm Run2 Rep0 Sett Middle.spe,40,1.45E+05,782,37,83951,275,395,34,1187,44,34035,180,407,49,4735,74,241,30,366,31,39,24,137,28,1936,54,426,54,46918,226,243,78,1825,139,395,132,201,168,45931,540,29087,322
363-U1487A-3H-4-A_SHLF8287831 X  60.0mm   6s  30kV 1250uA Pd-Thick DC10.0mm CC12.0mm Y  0.0mm Run2 Rep0 Sett Middle.spe,60,1.45E+05,702,40,75517,262,448,36,1418,48,35722,185,388,50,4711,74,207,31,360,32,76,25,135,27,1988,55,560,55,47882,228,455,79,2232,141,198,132,57,170,46741,545,28750,323
363-U1487A-3H-4-A_SHLF8287831 X  80.0mm   6s  30kV 1250uA Pd-Thick DC10.0mm CC12.0mm Y  0.0mm Run2 Rep0 Sett Middle.spe,80,1.43E+05,735,38,77952,266,418,35,1092,43,42660,201,369,52,4601,73,246,30,368,31,71,25,104,26,1905,53,619,56,44080,220,324,78,2200,137,183,129,42,166,45312,535,28628,319
363-U1487A-3H-4-A_SHLF8287831 X 100.0mm   6s  30kV 1250uA Pd-Thick DC10.0mm CC12.0mm Y  0.0mm Run2 Rep0 Sett Middle.spe,100,1.48E+05,871,41,61056,236,577,37,1328,46,48253,214,479,56,4602,74,289,32,430,34,51,26,117,27,2211,57,751,58,45208,222,479,82,2651,142,112,133,52,171,48165,554,29079,328
363-U1487A-3H-4-A_SHLF8287831 X 120.0mm   6s  30kV 1250uA Pd-Thick DC10.0mm CC12.0mm Y  0.0mm Run2 Rep0 Sett Middle.spe,120,1.46E+05,811,40,71414,255,536,36,1129,44,42961,202,355,52,4772,75,212,31,412,33,62,25,124,27,2157,56,586,56,44631,221,396,79,2373,140,415,132,248,171,47404,547,28967,324
363-U1487A-3H-4-A_SHLF8287831 X 140.0mm   6s  30kV 1250uA Pd-Thick DC10.0mm CC12.0mm Y  0.0mm Run2 Rep0 Sett Middle.spe,140,1.46E+05,967,42,60356,234,680,38,1315,47,52466,223,563,57,4765,75,292,31,541,34,81,25,138,28,1987,55,552,58,42863,218,550,80,2640,141,115,133,387,171,47272,546,28459,325
363-U1487A-3H-4-A_SHLF8287831 X 160.0mm   6s  30kV 1250uA Pd-Thick DC10.0mm CC12.0mm Y  0.0mm Run2 Rep0 Sett Middle.spe,160,1.45E+05,882,40,62620,239,564,37,1169,45,48551,214,449,55,4590,74,262,32,428,33,104,27,57,26,2059,55,562,57,42487,216,537,81,2682,140,300,133,234,171,48161,547,28353,324
363-U1487A-3H-4-A_SHLF8287831 X 180.0mm   6s  30kV 1250uA Pd-Thick DC10.0mm CC12.0mm Y  0.0mm Run2 Rep0 Sett Middle.spe,180,1.49E+05,752,42,64253,242,505,36,1400,47,44893,206,443,54,4902,76,282,32,431,33,85,26,139,27,2363,58,645,58,46224,225,462,83,2306,142,158,134,260,173,49507,552,29603,329
363-U1487A-3H-4-A_SHLF8287831 X 200.0mm   6s  30kV 1250uA Pd-Thick DC10.0mm CC12.0mm Y  0.0mm Run2 Rep0 Sett Middle.spe,200,1.46E+05,801,40,82301,273,492,37,1080,44,42997,202,423,53,4632,73,249,30,332,32,71,26,109,27,1698,52,608,55,45001,222,448,78,2512,139,67,130,-33,167,45585,538,29303,322
363-U1487A-3H-4-A_SHLF8287831 X 220.0mm   6s  30kV 1250uA Pd-Thick DC10.0mm CC12.0mm Y  0.0mm Run2 Rep0 Sett Middle.spe,220,1.47E+05,810,41,66374,246,659,38,1258,46,48735,214,481,55,4648,74,314,33,397,33,69,26,73,27,2017,55,594,57,43490,219,353,79,2969,142,438,133,472,172,48684,551,29443,327
363-U1487A-3H-4-A_SHLF8287831 X 240.0mm   6s  30kV 1250uA Pd-Thick DC10.0mm CC12.0mm Y  0.0mm Run2 Rep0 Sett Middle.spe,240,1.49E+05,863,42,63188,240,656,38,1234,47,53219,224,569,57,4772,75,266,33,481,34,73,25,123,28,1991,55,781,58,43885,220,591,81,3173,143,67,133,428,172,47814,551,29263,327
363-U1487A-3H-4-A_SHLF8287831 X 260.0mm   6s  30kV 1250uA Pd-Thick DC10.0mm CC12.0mm Y  0.0mm Run2 Rep0 Sett Middle.spe,260,1.49E+05,888,40,71893,255,645,38,1096,45,49358,216,473,55,4580,74,243,32,414,33,92,26,73,28,1838,53,702,57,44082,220,444,81,3106,142,325,132,515,171,47279,553,29303,327
363-U1487A-3H-4-A_SHLF8287831 X 280.0mm   6s  30kV 1250uA Pd-Thick DC10.0mm CC12.0mm Y  0.0mm Run2 Rep0 Sett Middle.spe,280,1.47E+05,823,41,64381,242,581,37,1186,45,48782,215,393,54,4663,74,265,31,424,33,93,26,112,27,2034,55,625,57,44456,221,617,81,3218,143,129,133,238,170,46904,554,29230,326
363-U1487A-3H-4-A_SHLF8287831 X 300.0mm   6s  30kV 1250uA Pd-Thick DC10.0mm CC12.0mm Y  0.0mm Run2 Rep0 Sett Middle.spe,300,1.50E+05,901,42,60205,235,768,39,1244,47,54117,226,515,57,4775,75,223,31,520,35,67,26,106,27,1967,54,717,59,43310,219,664,82,3728,147,221,135,240,173,48271,557,29532,329
363-U1487A-3H-4-A_SHLF8287831 X 320.0mm   6s  30kV 1250uA Pd-Thick DC10.0mm CC12.0mm Y  0.0mm Run2 Rep0 Sett Middle.spe,320,1.48E+05,808,41,60137,234,700,39,1164,46,51023,219,478,55,4794,75,218,31,413,32,52,25,104,27,1953,54,834,59,43525,219,613,83,3071,144,238,134,37,172,48587,556,30069,329
363-U1487A-3H-4-A_SHLF8287831 X 340.0mm   6s  30kV 1250uA Pd-Thick DC10.0mm CC12.0mm Y  0.0mm Run2 Rep0 Sett Middle.spe,340,1.48E+05,967,40,59498,232,754,38,1227,46,59429,236,597,60,4594,74,195,31,454,34,34,25,113,27,1932,53,757,58,42990,218,723,82,3186,143,303,133,498,171,47443,546,29292,327
363-U1487A-3H-4-A_SHLF8287831 X 360.0mm   6s  30kV 1250uA Pd-Thick DC10.0mm CC12.0mm Y  0.0mm Run2 Rep0 Sett Middle.spe,360,1.48E+05,849,41,62873,240,787,40,1218,47,57259,232,548,58,4543,74,237,31,485,34,114,26,91,28,1960,54,775,58,41697,215,650,82,3993,144,227,133,365,171,47574,548,28903,326
363-U1487A-3H-4-A_SHLF8287831 X 380.0mm   6s  30kV 1250uA Pd-Thick DC10.0mm CC12.0mm Y  0.0mm Run2 Rep0 Sett Middle.spe,380,1.46E+05,928,41,64590,242,563,37,1123,44,53146,224,506,56,4741,75,227,31,421,32,81,26,80,26,1734,52,656,57,41262,214,543,80,3287,142,411,131,182,169,46992,541,29007,324
363-U1487A-3H-4-A_SHLF8287831 X 400.0mm   6s  30kV 1250uA Pd-Thick DC10.0mm CC12.0mm Y  0.0mm Run2 Rep0 Sett Middle.spe,400,1.43E+05,931,40,65125,243,628,38,1148,44,48716,214,466,53,4772,73,317,31,348,31,96,26,76,26,1843,53,669,57,41506,214,498,80,3305,142,219,131,346,168,45311,536,28196,320
363-U1487A-3H-4-A_SHLF8287831 X 420.0mm   6s  30kV 1250uA Pd-Thick DC10.0mm CC12.0mm Y  0.0mm Run2 Rep0 Sett Middle.spe,420,1.45E+05,895,41,67493,248,540,37,1126,44,46535,210,487,54,4808,75,181,30,395,33,64,26,57,27,1877,52,714,57,41583,214,544,81,3200,141,127,132,184,171,47083,549,29103,324
363-U1487A-3H-4-A_SHLF8287831 X 440.0mm   6s  30kV 1250uA Pd-Thick DC10.0mm CC12.0mm Y  0.0mm Run2 Rep0 Sett Middle.spe,440,1.44E+05,793,41,63909,241,555,37,1267,45,47117,211,382,53,4594,74,249,32,399,33,93,26,101,27,1852,53,747,56,41766,215,565,81,3129,142,233,132,485,169,46035,542,28945,323
363-U1487A-3H-4-A_SHLF8287831 X 460.0mm   6s  30kV 1250uA Pd-Thick DC10.0mm CC12.0mm Y  0.0mm Run2 Rep0 Sett Middle.spe,460,1.45E+05,866,40,74351,259,496,35,1176,45,42204,200,326,51,4669,73,215,29,421,33,38,25,135,27,1899,54,626,56,43528,219,726,80,2997,141,73,131,65,170,47766,549,28538,324
363-U1487A-3H-4-A_SHLF8287831 X 480.0mm   6s  30kV 1250uA Pd-Thick DC10.0mm CC12.0mm Y  0.0mm Run2 Rep0 Sett Middle.spe,480,1.43E+05,771,40,73531,258,438,35,1034,43,41630,199,265,50,4642,74,250,32,337,31,88,25,55,26,1965,54,639,56,43220,218,525,79,2297,139,51,131,411,169,45103,543,27757,321
363-U1487A-3H-4-A_SHLF8287831 X 500.0mm   6s  30kV 1250uA Pd-Thick DC10.0mm CC12.0mm Y  0.0mm Run2 Rep0 Sett Middle.spe,500,1.45E+05,868,41,83170,274,465,35,1001,41,39608,194,431,52,4721,74,250,31,401,31,67,25,143,28,1795,52,482,56,43626,219,437,79,2353,139,324,131,151,168,45370,544,28632,322
363-U1487A-3H-4-A_SHLF8287831 X 520.0mm   6s  30kV 1250uA Pd-Thick DC10.0mm CC12.0mm Y  0.0mm Run2 Rep0 Sett Middle.spe,520,1.48E+05,1007,42,72415,256,552,36,1220,46,46507,210,415,54,4718,74,299,33,407,33,57,25,100,27,1888,54,721,58,44405,221,530,81,2653,141,126,131,354,171,46849,554,29285,326
363-U1487A-3H-4-A_SHLF8287831 X 540.0mm   6s  30kV 1250uA Pd-Thick DC10.0mm CC12.0mm Y  0.0mm Run2 Rep0 Sett Middle.spe,540,1.47E+05,784,41,72076,256,459,36,1263,45,39291,193,351,50,4770,74,254,30,417,33,42,25,133,27,1938,54,620,57,44990,222,432,81,2524,142,181,132,246,172,47442,554,29250,328
363-U1487A-3H-4-A_SHLF8287831 X 560.0mm   6s  30kV 1250uA Pd-Thick DC10.0mm CC12.0mm Y  0.0mm Run2 Rep0 Sett Middle.spe,560,1.45E+05,832,41,74140,259,473,35,1090,43,41199,198,417,53,4679,74,168,30,353,32,59,26,127,28,1841,53,521,57,43796,220,524,79,2547,139,273,130,316,170,47207,548,28950,324
363-U1487A-3H-4-A_SHLF8287831 X 580.0mm   6s  30kV 1250uA Pd-Thick DC10.0mm CC12.0mm Y  0.0mm Run2 Rep0 Sett Middle.spe,580,1.47E+05,854,42,72243,256,515,36,1170,44,41796,199,370,52,4828,75,305,32,398,33,45,26,124,27,1888,54,724,58,44241,221,463,80,2729,141,210,133,79,171,48338,557,29231,327
363-U1487A-3H-4-A_SHLF8287831 X 600.0mm   6s  30kV 1250uA Pd-Thick DC10.0mm CC12.0mm Y  0.0mm Run2 Rep0 Sett Middle.spe,600,1.47E+05,1007,44,66653,246,797,39,1216,46,51549,220,588,56,4724,74,279,32,487,34,65,26,138,28,1789,53,807,57,43345,219,474,80,2784,141,152,132,529,170,45940,549,29270,326
363-U1487A-3H-4-A_SHLF8287831 X 620.0mm   6s  30kV 1250uA Pd-Thick DC10.0mm CC12.0mm Y  0.0mm Run2 Rep0 Sett Middle.spe,620,1.45E+05,842,40,76558,263,498,36,1110,44,40881,197,279,50,4723,74,198,31,414,33,61,25,128,26,1804,52,605,57,44355,221,375,79,2477,139,64,129,392,170,46122,544,29049,323
363-U1487A-3H-4-A_SHLF8287831 X 640.0mm   6s  30kV 1250uA Pd-Thick DC10.0mm CC12.0mm Y  0.0mm Run2 Rep0 Sett Middle.spe,640,1.48E+05,963,43,69718,252,498,36,1281,46,43236,203,433,53,4789,75,227,32,407,33,61,26,86,28,1863,54,772,58,44769,222,447,81,2759,142,138,132,284,171,47842,553,29867,328
363-U1487A-3H-4-A_SHLF8287831 X 660.0mm   6s  30kV 1250uA Pd-Thick DC10.0mm CC12.0mm Y  0.0mm Run2 Rep0 Sett Middle.spe,660,1.48E+05,910,42,69214,251,541,36,1226,46,39781,194,310,50,4644,74,286,32,459,34,126,27,74,27,1853,53,703,58,45327,223,542,82,3041,144,290,134,409,172,48222,554,30267,328
363-U1487A-3H-4-A_SHLF8287831 X 680.0mm   6s  30kV 1250uA Pd-Thick DC10.0mm CC12.0mm Y  0.0mm Run2 Rep0 Sett Middle.spe,680,1.48E+05,991,43,68569,250,502,37,1311,46,41224,198,424,53,4672,74,256,31,420,33,68,26,69,27,1818,54,772,59,45368,223,464,81,3186,144,111,133,240,172,48472,553,29765,329
363-U1487A-3H-4-A_SHLF8287831 X 700.0mm   6s  30kV 1250uA Pd-Thick DC10.0mm CC12.0mm Y  0.0mm Run2 Rep0 Sett Middle.spe,700,1.48E+05,1085,43,70562,253,490,37,1341,47,40428,196,397,51,4758,74,243,32,437,34,74,25,110,27,1827,53,730,58,45975,224,440,81,3094,143,243,133,471,172,46725,553,29902,329
363-U1487A-3H-4-A_SHLF8287831 X 720.0mm   6s  30kV 1250uA Pd-Thick DC10.0mm CC12.0mm Y  0.0mm Run2 Rep0 Sett Middle.spe,720,1.49E+05,945,43,69119,251,512,36,1336,47,39923,195,352,51,4768,74,266,32,490,34,87,25,101,28,1966,55,696,59,45995,225,749,82,2911,144,159,133,93,172,49936,563,30307,330
363-U1487A-3H-4-A_SHLF8287831 X 740.0mm   6s  30kV 1250uA Pd-Thick DC10.0mm CC12.0mm Y  0.0mm Run2 Rep0 Sett Middle.spe,740,1.48E+05,969,42,69666,252,548,36,1262,46,42219,200,323,52,4748,75,224,31,422,32,85,26,118,27,1908,54,754,58,45072,222,483,80,2784,142,437,133,404,172,47869,557,29845,329
363-U1487A-3H-4-A_SHLF8287831 X 760.0mm   6s  30kV 1250uA Pd-Thick DC10.0mm CC12.0mm Y  0.0mm Run2 Rep0 Sett Middle.spe,760,1.48E+05,1103,44,65677,245,566,37,1239,46,44697,206,391,53,4684,74,260,32,461,34,78,26,161,28,1975,55,795,60,42811,218,599,84,3846,146,469,134,-11,172,48708,559,29434,329
363-U1487A-3H-4-A_SHLF8287831 X 780.0mm   6s  30kV 1250uA Pd-Thick DC10.0mm CC12.0mm Y  0.0mm Run2 Rep0 Sett Middle.spe,780,1.50E+05,1101,45,63056,240,592,37,1264,45,46921,210,438,54,4760,74,262,32,439,34,91,27,100,26,1958,55,997,61,42274,217,715,85,5122,151,160,136,66,173,48904,563,29363,331
363-U1487A-3H-4-A_SHLF8287831 X 820.0mm   6s  30kV 1250uA Pd-Thick DC10.0mm CC12.0mm Y  0.0mm Run2 Rep0 Sett Middle.spe,820,1.46E+05,1066,42,70085,252,494,35,1245,45,38053,190,304,50,4650,74,179,31,424,33,118,26,78,27,1807,53,808,59,43893,220,555,83,3494,145,107,134,48,170,46532,553,29207,327
363-U1487A-3H-4-A_SHLF8287831 X 840.0mm   6s  30kV 1250uA Pd-Thick DC10.0mm CC12.0mm Y  0.0mm Run2 Rep0 Sett Middle.spe,840,1.47E+05,902,42,73398,258,452,34,1204,44,35905,185,294,49,4807,75,178,31,388,33,33,25,95,27,1969,55,917,60,45205,223,553,82,3544,146,217,134,109,171,46847,553,29361,327
363-U1487A-3H-4-A_SHLF8287831 X 860.0mm   6s  30kV 1250uA Pd-Thick DC10.0mm CC12.0mm Y  0.0mm Run2 Rep0 Sett Middle.spe,860,1.48E+05,951,42,67718,248,461,35,1231,46,38202,191,302,50,4784,75,241,32,384,32,95,26,113,27,1979,54,756,59,45695,224,616,82,3157,145,126,134,157,172,48288,557,30041,329
363-U1487A-3H-4-A_SHLF8287831 X 880.0mm   6s  30kV 1250uA Pd-Thick DC10.0mm CC12.0mm Y  0.0mm Run2 Rep0 Sett Middle.spe,880,1.45E+05,1095,42,71585,255,486,35,1228,45,35344,184,346,50,4635,74,178,31,494,32,140,24,104,28,1918,53,737,59,44479,221,583,82,3667,145,336,133,278,170,48602,549,29312,325
363-U1487A-3H-4-A_SHLF8287831 X 900.0mm   6s  30kV 1250uA Pd-Thick DC10.0mm CC12.0mm Y  0.0mm Run2 Rep0 Sett Middle.spe,900,1.46E+05,978,42,67892,248,400,34,1202,45,34600,182,342,48,4759,74,187,31,391,33,57,25,99,27,2017,55,864,60,44272,221,681,83,3655,146,350,134,435,172,47023,550,29576,327
363-U1487A-3H-4-A_SHLF8287831 X 920.0mm   6s  30kV 1250uA Pd-Thick DC10.0mm CC12.0mm Y  0.0mm Run2 Rep0 Sett Middle.spe,920,1.44E+05,931,42,68668,250,378,33,1184,45,33403,179,227,47,4572,73,215,32,410,33,77,26,104,28,1871,54,845,59,43033,218,629,82,3560,144,618,135,221,170,47054,542,28826,325
363-U1487A-3H-4-A_SHLF8287831 X 940.0mm   6s  30kV 1250uA Pd-Thick DC10.0mm CC12.0mm Y  0.0mm Run2 Rep0 Sett Middle.spe,940,1.46E+05,925,41,66633,246,436,35,1191,45,35539,184,323,49,4666,74,196,32,427,33,75,26,88,27,2016,54,781,59,43361,219,667,83,4150,148,400,135,-51,173,48446,555,30273,330
363-U1487A-3H-4-A_SHLF8287831 X 960.0mm   6s  30kV 1250uA Pd-Thick DC10.0mm CC12.0mm Y  0.0mm Run2 Rep0 Sett Middle.spe,960,1.44E+05,917,42,65215,244,500,35,1173,44,35707,184,307,49,4662,74,236,31,438,34,78,26,125,28,1989,55,896,60,43157,219,685,83,3993,146,262,135,166,172,47725,551,28955,324
363-U1487A-3H-4-A_SHLF8287831 X 980.0mm   6s  30kV 1250uA Pd-Thick DC10.0mm CC12.0mm Y  0.0mm Run2 Rep0 Sett Middle.spe,980,1.45E+05,1094,44,64102,242,595,37,1190,45,37442,189,348,50,4676,74,260,31,511,34,72,25,97,27,1998,54,971,61,42895,218,761,83,4504,148,324,134,254,173,47885,555,29250,326
363-U1487A-3H-4-A_SHLF8287831 X1000.0mm   6s  30kV 1250uA Pd-Thick DC10.0mm CC12.0mm Y  0.0mm Run2 Rep0 Sett Middle.spe,1000,1.49E+05,1100,46,56239,227,572,37,1253,46,44997,207,382,54,4659,75,214,33,452,35,113,28,186,29,1977,55,1278,64,40090,212,878,86,5304,152,414,138,220,175,49417,558,29710,331
363-U1487A-3H-4-A_SHLF8287831 X1020.0mm   6s  30kV 1250uA Pd-Thick DC10.0mm CC12.0mm Y  0.0mm Run2 Rep0 Sett Middle.spe,1020,1.51E+05,1292,47,49473,214,558,37,1294,47,50502,219,507,57,4808,76,316,32,587,35,164,27,174,29,2042,56,1592,67,39469,211,987,88,6616,157,781,140,489,178,49343,566,29958,334
363-U1487A-3H-4-A_SHLF8287831 X1040.0mm   6s  30kV 1250uA Pd-Thick DC10.0mm CC12.0mm Y  0.0mm Run2 Rep0 Sett Middle.spe,1040,1.52E+05,1368,47,55300,225,570,37,1317,47,47023,211,427,54,4916,76,267,33,438,35,109,28,124,28,2005,56,1817,67,37863,206,1095,89,7218,159,666,141,271,178,51195,573,29768,335
363-U1487A-3H-4-A_SHLF8287831 X1060.0mm   6s  30kV 1250uA Pd-Thick DC10.0mm CC12.0mm Y  0.0mm Run2 Rep0 Sett Middle.spe,1060,1.51E+05,1400,50,50315,216,651,39,1451,49,50795,220,483,57,4713,75,302,33,549,36,121,28,168,28,1924,55,1786,67,38033,207,1160,90,7094,157,824,140,259,177,50470,570,29759,334
363-U1487A-3H-4-A_SHLF8287831 X1100.0mm   6s  30kV 1250uA Pd-Thick DC10.0mm CC12.0mm Y  0.0mm Run2 Rep0 Sett Middle.spe,1100,1.48E+05,1419,49,54634,224,629,38,1508,49,46487,210,495,55,4830,75,307,32,514,34,99,26,149,28,1901,54,1375,66,38383,208,1175,88,7106,158,816,139,402,175,49313,565,29470,331
363-U1487A-3H-4-A_SHLF8287831 X1120.0mm   6s  30kV 1250uA Pd-Thick DC10.0mm CC12.0mm Y  0.0mm Run2 Rep0 Sett Middle.spe,1120,1.53E+05,1336,49,47999,211,772,40,1558,50,53548,225,559,57,4759,75,260,33,567,36,110,28,133,28,2155,56,1622,68,37872,207,1449,91,9033,165,811,142,537,179,51306,567,30075,335
363-U1487A-3H-4-A_SHLF8287831 X1140.0mm   6s  30kV 1250uA Pd-Thick DC10.0mm CC12.0mm Y  0.0mm Run2 Rep0 Sett Middle.spe,1140,1.55E+05,1526,50,42862,200,755,40,1492,50,57128,232,622,59,4821,76,226,33,649,38,105,28,145,29,2157,56,1810,69,36537,204,1831,94,10826,170,1283,144,334,180,51994,574,30127,337
363-U1487A-3H-4-A_SHLF8287831 X1160.0mm   6s  30kV 1250uA Pd-Thick DC10.0mm CC12.0mm Y  0.0mm Run2 Rep0 Sett Middle.spe,1160,1.55E+05,1378,48,44481,203,765,40,1633,51,62117,242,613,62,4730,76,193,32,630,38,82,28,85,28,2275,57,1257,65,37939,208,1578,92,11591,173,811,142,352,181,51164,570,30226,336
363-U1487A-3H-4-A_SHLF8287831 X1180.0mm   6s  30kV 1250uA Pd-Thick DC10.0mm CC12.0mm Y  0.0mm Run2 Rep0 Sett Middle.spe,1180,1.60E+05,1566,51,31469,172,1119,43,1633,53,85241,283,916,70,4696,77,213,33,782,39,184,30,136,29,2312,59,1599,68,30595,189,2309,98,17427,189,1248,145,229,183,52840,579,30327,339
363-U1487A-3H-4-A_SHLF8287831 X1200.0mm   6s  30kV 1250uA Pd-Thick DC10.0mm CC12.0mm Y  0.0mm Run2 Rep0 Sett Middle.spe,1200,1.59E+05,1659,52,32668,175,1066,44,1858,56,81062,276,803,67,4696,76,200,33,836,41,137,29,146,29,2294,58,1593,67,31130,191,2454,99,19343,193,1177,146,271,182,50901,578,29260,337
363-U1487A-3H-4-A_SHLF8287831 X1220.0mm   6s  30kV 1250uA Pd-Thick DC10.0mm CC12.0mm Y  0.0mm Run2 Rep0 Sett Middle.spe,1220,1.61E+05,1830,53,22364,147,1219,46,2039,57,94128,297,949,72,4719,77,241,33,927,42,178,31,135,29,2377,59,1785,70,23608,170,3413,105,25802,208,1629,150,432,185,52415,583,29464,338
363-U1487A-3H-4-A_SHLF8287831 X1240.0mm   6s  30kV 1250uA Pd-Thick DC10.0mm CC12.0mm Y  0.0mm Run2 Rep0 Sett Middle.spe,1240,1.68E+05,2148,56,9700,100,1605,49,2233,60,118412,333,1379,81,4770,79,195,34,1142,45,191,32,112,29,2664,61,2209,72,15998,145,3980,111,31569,222,2019,154,27,190,53803,592,29245,342
363-U1487A-3H-5-A_SHLF8287861 X  20.0mm   6s  30kV 1250uA Pd-Thick DC10.0mm CC12.0mm Y  0.0mm Run2 Rep0 Sett Middle.spe,20,1.49E+05,1055,43,68350,249,517,37,1601,49,37169,188,313,50,4748,74,229,31,442,33,142,26,118,27,1893,54,728,58,51630,237,484,83,2897,146,123,134,93,173,47270,551,29848,331
363-U1487A-3H-5-A_SHLF8287861 X  40.0mm   6s  30kV 1250uA Pd-Thick DC10.0mm CC12.0mm Y  0.0mm Run2 Rep0 Sett Middle.spe,40,1.48E+05,961,44,69555,252,515,35,1458,48,35936,185,399,50,4812,74,285,32,457,34,34,26,123,28,1910,54,624,59,49816,233,552,82,3043,146,229,132,309,172,48056,554,29264,328
363-U1487A-3H-5-A_SHLF8287861 X  60.0mm   6s  30kV 1250uA Pd-Thick DC10.0mm CC12.0mm Y  0.0mm Run2 Rep0 Sett Middle.spe,60,1.48E+05,1461,48,57932,230,606,37,1533,50,46058,209,460,55,4709,74,266,31,625,36,68,26,108,29,1890,54,924,61,45301,223,475,83,3585,147,176,134,191,173,49009,557,29570,328
363-U1487A-3H-5-A_SHLF8287861 X  80.0mm   6s  30kV 1250uA Pd-Thick DC10.0mm CC12.0mm Y  0.0mm Run2 Rep0 Sett Middle.spe,80,1.47E+05,1059,45,68786,250,463,36,1415,47,36842,188,278,50,4707,74,228,31,411,32,92,26,154,28,1873,53,741,58,46955,227,594,81,4032,148,228,133,277,172,48056,553,30153,328
363-U1487A-3H-5-A_SHLF8287861 X 100.0mm   6s  30kV 1250uA Pd-Thick DC10.0mm CC12.0mm Y  0.0mm Run2 Rep0 Sett Middle.spe,100,1.52E+05,1195,47,58990,232,615,37,1564,50,46431,210,455,56,4728,75,339,33,544,35,57,27,159,29,2065,56,939,61,46095,225,699,85,3744,148,279,137,472,176,51446,570,29911,333
363-U1487A-3H-5-A_SHLF8287861 X 120.0mm   6s  30kV 1250uA Pd-Thick DC10.0mm CC12.0mm Y  0.0mm Run2 Rep0 Sett Middle.spe,120,1.48E+05,1395,48,55883,227,696,39,1455,49,55825,230,600,58,4634,75,243,32,509,35,108,27,138,28,1972,55,1142,62,40055,211,733,83,4642,147,89,134,87,173,47765,554,29421,327
363-U1487A-3H-5-A_SHLF8287861 X 140.0mm   6s  30kV 1250uA Pd-Thick DC10.0mm CC12.0mm Y  0.0mm Run2 Rep0 Sett Middle.spe,140,1.52E+05,1849,53,42728,199,866,42,1779,52,57341,233,510,59,4787,76,321,34,691,39,53,27,139,28,1970,55,1437,66,41860,216,806,87,4823,151,279,137,391,178,51610,571,29802,335
363-U1487A-3H-5-A_SHLF8287861 X 160.0mm   6s  30kV 1250uA Pd-Thick DC10.0mm CC12.0mm Y  0.0mm Run2 Rep0 Sett Middle.spe,160,1.49E+05,909,43,69139,251,642,38,1450,48,44634,205,367,52,4770,74,329,32,428,33,76,26,100,28,1982,54,686,59,49934,233,383,81,2495,144,215,133,209,171,47408,554,30144,328
363-U1487A-3H-5-A_SHLF8287861 X 180.0mm   6s  30kV 1250uA Pd-Thick DC10.0mm CC12.0mm Y  0.0mm Run2 Rep0 Sett Middle.spe,180,1.48E+05,923,42,73108,258,599,38,1315,47,43825,204,352,52,4816,74,290,31,425,33,61,25,71,27,1897,54,748,58,49022,231,564,80,2701,143,84,131,508,170,46863,548,29138,325
363-U1487A-3H-5-A_SHLF8287861 X 200.0mm   6s  30kV 1250uA Pd-Thick DC10.0mm CC12.0mm Y  0.0mm Run2 Rep0 Sett Middle.spe,200,1.48E+05,947,41,70563,253,607,37,1334,47,43975,204,386,53,4748,74,227,31,433,33,93,25,84,26,1961,54,504,58,49384,232,514,80,2594,143,45,133,336,172,47779,549,29645,327
363-U1487A-3H-5-A_SHLF8287861 X 220.0mm   6s  30kV 1250uA Pd-Thick DC10.0mm CC12.0mm Y  0.0mm Run2 Rep0 Sett Middle.spe,220,1.48E+05,742,41,70546,254,522,36,1387,48,43185,203,365,53,4715,74,242,30,385,32,77,25,60,26,1908,54,646,58,50707,235,329,79,2536,144,83,133,59,171,46614,551,29029,327
363-U1487A-3H-5-A_SHLF8287861 X 240.0mm   6s  30kV 1250uA Pd-Thick DC10.0mm CC12.0mm Y  0.0mm Run2 Rep0 Sett Middle.spe,240,1.47E+05,943,43,71602,255,597,38,1272,47,43484,203,457,54,4672,74,259,31,379,32,63,25,126,27,1747,52,696,57,49288,231,457,79,2542,143,116,132,45,170,48108,549,29597,324
363-U1487A-3H-5-A_SHLF8287861 X 260.0mm   6s  30kV 1250uA Pd-Thick DC10.0mm CC12.0mm Y  0.0mm Run2 Rep0 Sett Middle.spe,260,1.47E+05,829,41,74755,260,607,38,1364,47,44961,206,554,54,4729,74,251,31,379,32,81,26,92,28,1849,53,597,56,49400,232,466,80,2377,142,112,131,239,169,46783,544,29834,324
363-U1487A-3H-5-A_SHLF8287861 X 280.0mm   6s  30kV 1250uA Pd-Thick DC10.0mm CC12.0mm Y  0.0mm Run2 Rep0 Sett Middle.spe,280,1.46E+05,818,40,70912,254,755,39,1498,49,46228,209,362,53,4710,74,247,32,452,33,74,25,124,27,1844,53,558,57,48767,231,495,80,3108,145,158,132,328,170,46156,545,29396,323
363-U1487A-3H-5-A_SHLF8287861 X 300.0mm   6s  30kV 1250uA Pd-Thick DC10.0mm CC12.0mm Y  0.0mm Run2 Rep0 Sett Middle.spe,300,1.54E+05,867,43,53937,223,1243,46,1468,51,87763,286,923,69,4598,75,280,34,429,34,84,27,73,27,2039,55,900,60,40552,213,885,84,5321,151,166,135,395,173,48178,553,29263,327
363-U1487A-3H-5-A_SHLF8287861 X 320.0mm   6s  30kV 1250uA Pd-Thick DC10.0mm CC12.0mm Y  0.0mm Run2 Rep0 Sett Middle.spe,320,1.48E+05,915,41,60326,234,1622,49,1707,53,93591,295,1091,71,4473,75,270,32,575,36,82,27,79,28,1592,50,722,57,37622,205,1128,83,7145,152,627,131,176,166,42970,530,28481,317
363-U1487A-3H-5-A_SHLF8287861 X 340.0mm   6s  30kV 1250uA Pd-Thick DC10.0mm CC12.0mm Y  0.0mm Run2 Rep0 Sett Middle.spe,340,1.44E+05,818,40,75648,262,739,39,1496,49,48049,213,496,55,4594,73,285,31,409,32,70,25,101,27,1707,52,504,56,48014,229,588,79,3304,143,215,129,146,167,45186,537,29573,319
363-U1487A-3H-5-A_SHLF8287861 X 360.0mm   6s  30kV 1250uA Pd-Thick DC10.0mm CC12.0mm Y  0.0mm Run2 Rep0 Sett Middle.spe,360,1.44E+05,638,39,78830,267,403,35,1514,48,37954,190,423,51,4780,74,280,30,386,30,55,23,91,27,1889,53,401,56,51654,236,324,79,2309,141,429,128,278,167,45514,534,29241,320
363-U1487A-3H-5-A_SHLF8287861 X 380.0mm   6s  30kV 1250uA Pd-Thick DC10.0mm CC12.0mm Y  0.0mm Run2 Rep0 Sett Middle.spe,380,1.44E+05,830,37,78869,266,514,36,1478,48,39037,193,339,51,4637,74,240,31,335,31,73,25,74,26,1738,51,488,55,50846,234,495,79,2811,142,145,128,235,167,45112,536,29410,319
363-U1487A-3H-5-A_SHLF8287861 X 400.0mm   6s  30kV 1250uA Pd-Thick DC10.0mm CC12.0mm Y  0.0mm Run2 Rep0 Sett Middle.spe,400,1.42E+05,681,37,82278,272,630,36,1507,48,38239,191,308,49,4626,74,271,32,396,32,70,24,149,26,1649,51,403,55,49534,232,320,78,2640,142,108,127,121,164,44175,532,29021,317
363-U1487A-3H-5-A_SHLF8287861 X 420.0mm   6s  30kV 1250uA Pd-Thick DC10.0mm CC12.0mm Y  0.0mm Run2 Rep0 Sett Middle.spe,420,1.43E+05,747,36,93399,290,307,31,1420,47,26269,159,221,43,4801,74,245,30,338,31,64,24,88,25,1645,51,414,54,52995,239,310,77,1568,138,78,126,202,164,43030,530,29174,318
363-U1487A-3H-5-A_SHLF8287861 X 440.0mm   6s  30kV 1250uA Pd-Thick DC10.0mm CC12.0mm Y  0.0mm Run2 Rep0 Sett Middle.spe,440,1.43E+05,776,39,79998,269,451,35,1466,48,34061,180,379,49,4851,75,242,31,373,32,61,24,96,27,1733,51,459,55,51646,236,471,79,2536,142,187,129,283,166,44453,536,29270,321
363-U1487A-3H-5-A_SHLF8287861 X 460.0mm   6s  30kV 1250uA Pd-Thick DC10.0mm CC12.0mm Y  0.0mm Run2 Rep0 Sett Middle.spe,460,1.44E+05,672,37,85817,278,400,33,1446,47,26580,160,277,45,4664,73,219,31,353,31,37,24,79,26,1776,52,446,55,52678,239,491,78,1957,141,374,130,338,168,45540,535,29467,321
363-U1487A-3H-5-A_SHLF8287861 X 480.0mm   6s  30kV 1250uA Pd-Thick DC10.0mm CC12.0mm Y  0.0mm Run2 Rep0 Sett Middle.spe,480,1.42E+05,710,34,87856,281,476,35,1443,47,32185,176,366,48,4629,73,223,31,351,31,42,24,96,26,1675,51,382,55,51190,236,310,78,2172,141,82,128,320,165,43814,533,28658,318
363-U1487A-3H-5-A_SHLF8287861 X 500.0mm   6s  30kV 1250uA Pd-Thick DC10.0mm CC12.0mm Y  0.0mm Run2 Rep0 Sett Middle.spe,500,1.39E+05,538,35,96340,294,238,31,1103,44,42936,202,364,52,4594,73,171,29,334,30,81,23,116,26,1440,48,383,52,47666,227,134,72,1320,131,310,124,203,159,40365,520,28188,309
363-U1487A-3H-5-A_SHLF8287861 X 520.0mm   6s  30kV 1250uA Pd-Thick DC10.0mm CC12.0mm Y  0.0mm Run2 Rep0 Sett Middle.spe,520,1.43E+05,590,37,90839,286,347,32,1353,45,24284,153,281,45,4767,74,215,31,293,30,37,24,75,25,1933,54,429,55,55158,243,320,77,1944,140,228,128,568,165,43881,534,28738,320
363-U1487A-3H-5-A_SHLF8287861 X 540.0mm   6s  30kV 1250uA Pd-Thick DC10.0mm CC12.0mm Y  0.0mm Run2 Rep0 Sett Middle.spe,540,1.42E+05,503,38,89671,285,267,32,1263,45,27522,163,271,45,4852,74,199,30,318,30,57,25,75,26,1948,53,300,55,51403,236,376,76,1801,136,304,127,292,165,42500,531,28660,318
363-U1487A-3H-5-A_SHLF8287861 X 560.0mm   6s  30kV 1250uA Pd-Thick DC10.0mm CC12.0mm Y  0.0mm Run2 Rep0 Sett Middle.spe,560,1.44E+05,706,36,91693,287,193,30,1264,44,25456,157,219,44,4816,74,158,30,305,31,32,24,81,26,1903,54,338,54,53050,239,320,77,1690,139,155,128,213,165,44395,533,29105,321
363-U1487A-3H-5-A_SHLF8287861 X 580.0mm   6s  30kV 1250uA Pd-Thick DC10.0mm CC12.0mm Y  0.0mm Run2 Rep0 Sett Middle.spe,580,1.43E+05,588,38,91005,287,292,32,1244,45,30402,171,275,47,4714,73,256,30,358,30,73,24,114,27,1889,54,316,54,50895,234,227,76,1596,137,203,128,36,165,44960,535,29590,319
363-U1487A-3H-5-A_SHLF8287861 X 600.0mm   6s  30kV 1250uA Pd-Thick DC10.0mm CC12.0mm Y  0.0mm Run2 Rep0 Sett Middle.spe,600,1.44E+05,560,38,88655,283,189,32,1291,45,26151,159,261,44,4718,74,222,31,328,30,92,24,64,26,1989,54,384,54,52377,237,412,77,1981,138,203,129,269,166,44574,536,29141,321
363-U1487A-3H-5-A_SHLF8287861 X 620.0mm   6s  30kV 1250uA Pd-Thick DC10.0mm CC12.0mm Y  0.0mm Run2 Rep0 Sett Middle.spe,620,1.42E+05,666,38,86583,280,236,33,1334,45,30698,171,387,47,4738,74,198,30,272,30,36,24,111,27,1786,52,377,54,50200,233,254,77,2014,139,543,128,305,166,45064,535,29225,319
363-U1487A-3H-5-A_SHLF8287861 X 640.0mm   6s  30kV 1250uA Pd-Thick DC10.0mm CC12.0mm Y  0.0mm Run2 Rep0 Sett Middle.spe,640,1.44E+05,732,37,79059,267,406,34,1283,46,30510,172,274,48,4750,74,202,31,343,32,42,24,89,27,1921,54,503,56,49707,232,400,78,2099,141,135,130,90,168,46341,538,28763,322
363-U1487A-3H-5-A_SHLF8287861 X 660.0mm   6s  30kV 1250uA Pd-Thick DC10.0mm CC12.0mm Y  0.0mm Run2 Rep0 Sett Middle.spe,660,1.45E+05,695,39,75556,262,373,34,1339,46,33436,179,385,50,4667,74,192,31,362,32,39,25,127,28,1895,54,548,57,50595,235,402,80,2212,143,28,130,57,168,47005,543,28896,324
363-U1487A-3H-5-A_SHLF8287861 X 680.0mm   6s  30kV 1250uA Pd-Thick DC10.0mm CC12.0mm Y  0.0mm Run2 Rep0 Sett Middle.spe,680,1.43E+05,626,38,80049,269,388,34,1263,45,30993,172,296,47,4777,74,216,30,346,31,26,24,80,26,1953,54,545,55,49777,232,223,78,1825,139,144,129,157,167,46912,538,28941,321
363-U1487A-3H-5-A_SHLF8287861 X 700.0mm   6s  30kV 1250uA Pd-Thick DC10.0mm CC12.0mm Y  0.0mm Run2 Rep0 Sett Middle.spe,700,1.42E+05,662,36,87790,281,345,33,1096,43,29883,169,255,45,4657,73,203,30,323,30,69,24,85,26,1673,51,391,54,47643,228,420,78,1956,137,96,128,90,167,44920,531,28155,317
363-U1487A-3H-5-A_SHLF8287861 X 720.0mm   6s  30kV 1250uA Pd-Thick DC10.0mm CC12.0mm Y  0.0mm Run2 Rep0 Sett Middle.spe,720,1.44E+05,738,36,78471,266,436,34,1342,45,35778,185,316,49,4739,74,167,30,276,31,66,25,117,27,1819,53,480,56,48631,230,446,77,2479,140,130,130,139,168,46545,541,29306,323
363-U1487A-3H-5-A_SHLF8287861 X 740.0mm   6s  30kV 1250uA Pd-Thick DC10.0mm CC12.0mm Y  0.0mm Run2 Rep0 Sett Middle.spe,740,1.45E+05,781,37,76909,264,504,36,1386,47,39367,194,390,52,4682,74,163,31,379,33,46,24,84,27,1904,54,631,57,48810,230,426,78,2290,141,93,130,101,167,45767,541,28714,322
363-U1487A-3H-5-A_SHLF8287861 X 760.0mm   6s  30kV 1250uA Pd-Thick DC10.0mm CC12.0mm Y  0.0mm Run2 Rep0 Sett Middle.spe,760,1.46E+05,887,39,79426,268,457,35,1353,47,35787,185,318,49,4849,75,208,31,349,31,87,25,79,26,1819,53,526,55,50589,234,362,78,2444,142,76,129,272,168,45885,545,29235,324
363-U1487A-3H-5-A_SHLF8287861 X 780.0mm   6s  30kV 1250uA Pd-Thick DC10.0mm CC12.0mm Y  0.0mm Run2 Rep0 Sett Middle.spe,780,1.47E+05,815,39,78167,266,528,38,1470,49,41573,199,420,53,4741,75,245,31,445,33,76,25,80,27,1867,53,692,57,50049,233,504,79,2450,142,175,128,225,169,47236,543,29391,323
363-U1487A-3H-5-A_SHLF8287861 X 800.0mm   6s  30kV 1250uA Pd-Thick DC10.0mm CC12.0mm Y  0.0mm Run2 Rep0 Sett Middle.spe,800,1.45E+05,774,37,80613,270,558,36,1294,46,39395,193,438,51,4846,74,212,29,324,31,43,25,91,27,1719,52,423,56,47647,228,351,78,2549,140,203,129,92,168,45698,540,29272,321
363-U1487A-3H-5-A_SHLF8287861 X 820.0mm   6s  30kV 1250uA Pd-Thick DC10.0mm CC12.0mm Y  0.0mm Run2 Rep0 Sett Middle.spe,820,1.42E+05,681,38,84855,277,542,37,1261,45,41199,198,383,51,4651,74,247,31,337,31,72,25,89,26,1510,49,557,54,45780,223,348,77,2222,138,79,128,242,164,42751,531,28355,316
363-U1487A-3H-5-A_SHLF8287861 X 840.0mm   6s  30kV 1250uA Pd-Thick DC10.0mm CC12.0mm Y  0.0mm Run2 Rep0 Sett Middle.spe,840,1.44E+05,809,40,72890,257,669,38,1524,49,46597,210,411,53,4637,74,282,31,351,32,80,26,68,26,1762,52,639,57,47725,228,315,79,2674,142,374,129,754,167,45000,536,28659,320
363-U1487A-3H-5-A_SHLF8287861 X 860.0mm   6s  30kV 1250uA Pd-Thick DC10.0mm CC12.0mm Y  0.0mm Run2 Rep0 Sett Middle.spe,860,1.44E+05,891,37,75161,260,655,37,1458,48,45223,207,375,53,4724,74,220,31,321,32,64,25,83,27,1672,52,552,56,46663,226,234,78,2713,140,294,130,515,167,45182,531,29188,319
363-U1487A-3H-5-A_SHLF8287861 X 880.0mm   6s  30kV 1250uA Pd-Thick DC10.0mm CC12.0mm Y  0.0mm Run2 Rep0 Sett Middle.spe,880,1.44E+05,797,39,74691,260,698,38,1507,49,46868,211,440,54,4744,74,272,31,437,32,38,25,96,26,1769,52,528,56,47407,227,349,80,2682,141,254,129,373,167,44953,539,29170,321
363-U1487A-3H-5-A_SHLF8287861 X 900.0mm   6s  30kV 1250uA Pd-Thick DC10.0mm CC12.0mm Y  0.0mm Run2 Rep0 Sett Middle.spe,900,1.44E+05,711,39,79580,269,446,35,1452,47,33539,179,297,48,4666,73,254,31,329,32,24,24,93,26,1752,52,489,56,50995,235,395,77,2275,141,457,130,280,167,45267,538,29570,322
363-U1487A-3H-5-A_SHLF8287861 X 920.0mm   6s  30kV 1250uA Pd-Thick DC10.0mm CC12.0mm Y  0.0mm Run2 Rep0 Sett Middle.spe,920,1.40E+05,781,38,73340,257,660,38,1381,47,46122,209,434,53,4707,74,258,31,438,32,67,25,105,26,1786,51,491,55,44903,222,456,77,2914,139,259,127,631,162,43777,530,28209,316
363-U1487A-3H-5-A_SHLF8287861 X 940.0mm   6s  30kV 1250uA Pd-Thick DC10.0mm CC12.0mm Y  0.0mm Run2 Rep0 Sett Middle.spe,940,1.43E+05,868,39,75293,261,698,38,1421,47,46588,210,513,54,4723,74,259,31,458,34,41,26,130,27,1793,52,628,57,46215,224,618,80,2646,140,117,129,471,168,43942,534,28831,320
363-U1487A-3H-5-A_SHLF8287861 X 960.0mm   6s  30kV 1250uA Pd-Thick DC10.0mm CC12.0mm Y  0.0mm Run2 Rep0 Sett Middle.spe,960,1.45E+05,795,39,73949,259,591,37,1538,50,48955,215,480,55,4690,74,219,31,513,33,74,25,126,27,1924,54,516,56,47374,227,521,79,2489,140,435,130,111,167,44350,535,28912,321
363-U1487A-3H-5-A_SHLF8287861 X 980.0mm   6s  30kV 1250uA Pd-Thick DC10.0mm CC12.0mm Y  0.0mm Run2 Rep0 Sett Middle.spe,980,1.46E+05,636,38,82113,273,443,36,1356,47,35642,185,348,50,4669,74,200,32,395,32,46,24,66,27,2054,54,519,55,49789,232,405,79,2448,142,168,130,277,169,45083,540,29915,323
363-U1487A-3H-5-A_SHLF8287861 X1000.0mm   6s  30kV 1250uA Pd-Thick DC10.0mm CC12.0mm Y  0.0mm Run2 Rep0 Sett Middle.spe,1000,1.45E+05,704,37,81479,271,567,36,1303,46,38911,192,415,51,4694,74,180,31,347,32,51,25,71,26,1919,54,492,56,48675,230,291,77,2345,140,303,130,27,167,46185,538,29727,323
363-U1487A-3H-5-A_SHLF8287861 X1020.0mm   6s  30kV 1250uA Pd-Thick DC10.0mm CC12.0mm Y  0.0mm Run2 Rep0 Sett Middle.spe,1020,1.44E+05,552,36,83661,275,508,36,1262,44,37850,190,328,49,4719,74,286,31,333,31,49,25,178,27,1913,54,315,54,47434,227,375,78,2154,139,179,128,56,166,44536,536,29341,320
363-U1487A-3H-5-A_SHLF8287861 X1040.0mm   6s  30kV 1250uA Pd-Thick DC10.0mm CC12.0mm Y  0.0mm Run2 Rep0 Sett Middle.spe,1040,1.44E+05,742,38,82709,273,590,36,1419,47,37105,188,302,49,4861,75,260,31,367,32,38,25,108,27,1841,52,480,56,49088,231,246,77,2256,140,153,129,419,166,45301,536,29357,321
363-U1487A-3H-5-A_SHLF8287861 X1060.0mm   6s  30kV 1250uA Pd-Thick DC10.0mm CC12.0mm Y  0.0mm Run2 Rep0 Sett Middle.spe,1060,1.46E+05,817,38,79493,268,594,37,1408,48,37874,190,361,51,4725,74,264,32,349,31,91,25,84,27,1875,53,533,56,49826,232,454,79,2504,143,63,130,346,169,45395,545,29661,324
363-U1487A-3H-5-A_SHLF8287861 X1080.0mm   6s  30kV 1250uA Pd-Thick DC10.0mm CC12.0mm Y  0.0mm Run2 Rep0 Sett Middle.spe,1080,1.42E+05,863,36,85349,277,563,36,1170,45,40883,197,368,51,4756,74,185,29,333,31,17,24,114,27,1671,51,597,55,45502,223,223,76,2484,138,150,128,233,164,43747,529,29232,317
363-U1487A-3H-5-A_SHLF8287861 X1100.0mm   6s  30kV 1250uA Pd-Thick DC10.0mm CC12.0mm Y  0.0mm Run2 Rep0 Sett Middle.spe,1100,1.45E+05,830,38,82497,273,594,37,1239,45,38718,192,372,51,4823,75,215,31,470,33,50,24,92,27,1804,53,426,54,47188,227,407,79,2986,143,229,129,305,166,44808,540,29521,322
363-U1487A-3H-5-A_SHLF8287861 X1120.0mm   6s  30kV 1250uA Pd-Thick DC10.0mm CC12.0mm Y  0.0mm Run2 Rep0 Sett Middle.spe,1120,1.46E+05,726,39,85706,278,488,37,1305,47,38426,191,374,51,4689,74,289,31,388,31,38,23,130,26,1819,53,461,55,48233,229,558,77,2810,141,361,129,96,168,44692,541,29856,322
363-U1487A-3H-5-A_SHLF8287861 X1140.0mm   6s  30kV 1250uA Pd-Thick DC10.0mm CC12.0mm Y  0.0mm Run2 Rep0 Sett Middle.spe,1140,1.45E+05,713,37,83238,274,572,37,1282,46,39847,195,353,52,4812,75,190,31,345,32,42,25,88,27,1817,53,527,55,47368,227,421,78,2669,142,318,131,264,167,45248,539,29176,322
363-U1487A-3H-5-A_SHLF8287861 X1160.0mm   6s  30kV 1250uA Pd-Thick DC10.0mm CC12.0mm Y  0.0mm Run2 Rep0 Sett Middle.spe,1160,1.46E+05,824,38,82194,272,607,37,1415,47,39169,193,332,51,4797,75,238,31,419,33,82,26,81,27,1876,53,518,56,49129,231,269,79,2896,143,322,130,140,167,46157,542,29692,323
363-U1487A-3H-5-A_SHLF8287861 X1180.0mm   6s  30kV 1250uA Pd-Thick DC10.0mm CC12.0mm Y  0.0mm Run2 Rep0 Sett Middle.spe,1180,1.44E+05,700,38,81740,272,592,37,1352,47,42433,201,443,53,4664,74,176,31,432,34,74,26,124,28,1825,52,378,54,46749,226,460,78,2854,141,120,128,447,167,44056,536,29154,321
363-U1487A-3H-5-A_SHLF8287861 X1200.0mm   6s  30kV 1250uA Pd-Thick DC10.0mm CC12.0mm Y  0.0mm Run2 Rep0 Sett Middle.spe,1200,1.45E+05,711,38,81489,271,598,37,1312,47,40424,196,319,51,4876,75,320,32,423,32,70,25,98,26,1936,52,364,56,47136,227,473,78,2883,142,151,130,81,167,44284,539,29213,322
363-U1487A-3H-5-A_SHLF8287861 X1220.0mm   6s  30kV 1250uA Pd-Thick DC10.0mm CC12.0mm Y  0.0mm Run2 Rep0 Sett Middle.spe,1220,1.46E+05,717,39,78970,268,645,39,1381,47,43790,204,419,52,4663,74,188,31,439,33,58,24,126,27,1921,53,546,55,46307,225,487,80,3443,145,295,130,21,167,45532,538,29680,322
363-U1487A-3H-5-A_SHLF8287861 X1240.0mm   6s  30kV 1250uA Pd-Thick DC10.0mm CC12.0mm Y  0.0mm Run2 Rep0 Sett Middle.spe,1240,1.45E+05,702,38,76549,263,688,38,1362,48,42031,200,370,52,4820,75,272,31,473,33,100,26,128,27,1947,54,576,56,47025,226,568,78,3290,143,315,131,295,168,46303,540,29422,321
363-U1487A-3H-5-A_SHLF8287861 X1260.0mm   6s  30kV 1250uA Pd-Thick DC10.0mm CC12.0mm Y  0.0mm Run2 Rep0 Sett Middle.spe,1260,1.43E+05,752,37,82905,273,609,38,1170,44,43905,204,333,51,4720,74,224,31,446,33,93,25,91,27,1774,51,390,54,45132,222,525,78,2719,140,176,127,221,164,44804,533,28965,318
363-U1487A-3H-5-A_SHLF8287861 X1280.0mm   6s  30kV 1250uA Pd-Thick DC10.0mm CC12.0mm Y  0.0mm Run2 Rep0 Sett Middle.spe,1280,1.42E+05,795,38,79027,267,814,40,1226,46,52597,222,470,56,4541,74,209,32,464,34,43,24,194,28,1675,51,525,54,43149,217,653,77,3346,141,11,128,238,165,43578,530,28187,316
363-U1487A-3H-5-A_SHLF8287861 X1300.0mm   6s  30kV 1250uA Pd-Thick DC10.0mm CC12.0mm Y  0.0mm Run2 Rep0 Sett Middle.spe,1300,1.45E+05,750,39,72443,256,949,42,1320,48,57974,234,553,59,4608,74,185,32,478,34,46,25,202,29,1929,53,476,54,43089,218,598,80,4210,145,360,130,232,168,44117,536,28261,319
363-U1487A-3H-5-A_SHLF8287861 X1320.0mm   6s  30kV 1250uA Pd-Thick DC10.0mm CC12.0mm Y  0.0mm Run2 Rep0 Sett Middle.spe,1320,1.45E+05,755,38,76052,262,805,40,1297,47,51775,221,507,56,4621,74,202,31,509,34,102,25,172,28,1844,53,537,56,43653,219,687,80,3666,143,309,131,379,167,45446,538,28666,320
363-U1487A-3H-5-A_SHLF8287861 X1340.0mm   6s  30kV 1250uA Pd-Thick DC10.0mm CC12.0mm Y  0.0mm Run2 Rep0 Sett Middle.spe,1340,1.44E+05,771,37,73450,258,772,39,1375,47,46518,210,518,54,4733,74,236,31,460,33,70,25,116,27,1856,53,518,54,44773,222,536,80,4310,145,362,130,282,168,45822,534,28678,319
363-U1487A-3H-5-A_SHLF8287861 X1360.0mm   6s  30kV 1250uA Pd-Thick DC10.0mm CC12.0mm Y  0.0mm Run2 Rep0 Sett Middle.spe,1360,1.42E+05,735,38,70436,253,803,40,1263,47,53133,224,515,56,4695,74,275,31,434,32,111,26,129,28,1823,53,548,54,42401,216,756,80,4148,144,445,130,123,167,43865,531,28403,316
363-U1487A-3H-5-A_SHLF8287861 X1380.0mm   6s  30kV 1250uA Pd-Thick DC10.0mm CC12.0mm Y  0.0mm Run2 Rep0 Sett Middle.spe,1380,1.38E+05,803,37,75477,261,638,37,1294,46,45315,207,432,53,4697,74,232,30,451,32,89,25,143,27,1589,50,529,53,40555,211,441,78,3913,141,373,128,516,165,42375,522,27891,313
363-U1487A-3H-5-A_SHLF8287861 X1400.0mm   6s  30kV 1250uA Pd-Thick DC10.0mm CC12.0mm Y  0.0mm Run2 Rep0 Sett Middle.spe,1400,1.46E+05,659,41,74625,261,579,37,1489,47,37965,190,409,51,4828,74,296,31,441,33,96,26,147,27,1977,54,505,56,46820,227,801,82,4774,150,393,132,374,170,46606,544,29709,324
363-U1487A-3H-5-A_SHLF8287861 X1420.0mm   6s  30kV 1250uA Pd-Thick DC10.0mm CC12.0mm Y  0.0mm Run2 Rep0 Sett Middle.spe,1420,1.44E+05,694,40,72952,258,495,36,1450,48,39434,194,483,52,4729,74,180,31,526,34,120,25,96,27,1721,52,602,56,45996,225,964,83,5638,152,774,133,-10,169,45460,536,28966,322
363-U1487A-3H-5-A_SHLF8287861 X1440.0mm   6s  30kV 1250uA Pd-Thick DC10.0mm CC12.0mm Y  0.0mm Run2 Rep0 Sett Middle.spe,1440,1.45E+05,864,41,74898,261,534,37,1422,48,42664,201,389,52,4741,74,233,31,531,35,59,26,99,27,1653,51,568,56,44831,222,1031,83,5890,153,374,132,219,168,45483,538,29064,321
363-U1487A-3H-5-A_SHLF8287861 X1460.0mm   6s  30kV 1250uA Pd-Thick DC10.0mm CC12.0mm Y  0.0mm Run2 Rep0 Sett Middle.spe,1460,1.45E+05,918,43,56816,228,738,39,1418,48,49909,217,424,55,4661,74,170,31,549,37,73,28,170,28,1765,52,870,58,39040,209,1675,89,9296,164,631,136,377,171,47339,544,29113,323
363-U1487A-3H-5-A_SHLF8287861 X1480.0mm   6s  30kV 1250uA Pd-Thick DC10.0mm CC12.0mm Y  0.0mm Run2 Rep0 Sett Middle.spe,1480,1.57E+05,1258,47,40065,193,1436,48,1432,50,81592,276,947,68,4685,75,230,32,1022,43,176,29,169,29,1882,55,1156,62,32295,193,2680,99,15433,182,1286,144,64,178,49098,564,29607,334
363-U1487A-3H-5-A_SHLF8287861 X1490.0mm   6s  30kV 1250uA Pd-Thick DC10.0mm CC12.0mm Y  0.0mm Run2 Rep0 Sett Middle.spe,1490,1.50E+05,1173,46,40073,193,1061,44,1479,49,69811,256,715,64,4714,76,239,32,871,40,112,28,116,28,1655,52,1088,60,31901,192,2588,96,14280,177,1432,140,391,175,47497,561,29211,331
363-U1487A-3H-6-A_SHLF8287891 X  20.0mm   6s  30kV 1250uA Pd-Thick DC10.0mm CC12.0mm Y  0.0mm Run2 Rep0 Sett Middle.spe,20,1.50E+05,948,42,56444,227,525,37,1517,49,44311,205,416,54,4713,75,286,32,572,37,50,27,71,28,2087,56,743,59,44875,223,1358,89,7996,165,629,140,527,176,50902,567,29926,331
363-U1487A-3H-6-A_SHLF8287891 X  40.0mm   6s  30kV 1250uA Pd-Thick DC10.0mm CC12.0mm Y  0.0mm Run2 Rep0 Sett Middle.spe,40,1.50E+05,828,40,59844,234,640,39,1555,50,50282,218,378,55,4835,75,330,33,495,35,61,26,173,28,2031,55,713,59,45173,223,808,84,4779,152,182,137,120,173,48501,558,29731,330
363-U1487A-3H-6-A_SHLF8287891 X  60.0mm   6s  30kV 1250uA Pd-Thick DC10.0mm CC12.0mm Y  0.0mm Run2 Rep0 Sett Middle.spe,60,1.49E+05,836,41,56764,228,708,38,1445,48,52365,222,522,56,4820,75,276,31,599,36,102,27,116,28,2030,56,635,58,42427,217,1008,86,6274,155,608,136,209,173,48432,558,30082,329
363-U1487A-3H-6-A_SHLF8287891 X  80.0mm   6s  30kV 1250uA Pd-Thick DC10.0mm CC12.0mm Y  0.0mm Run2 Rep0 Sett Middle.spe,80,1.52E+05,952,42,53977,223,637,38,1395,49,52661,223,512,58,4631,75,250,32,641,37,112,28,167,29,2046,56,758,59,42036,217,1445,88,8574,164,496,138,98,175,49484,566,30732,334
363-U1487A-3H-6-A_SHLF8287891 X 100.0mm   6s  30kV 1250uA Pd-Thick DC10.0mm CC12.0mm Y  0.0mm Run2 Rep0 Sett Middle.spe,100,1.51E+05,763,40,60238,235,608,38,1550,50,50380,219,460,56,4868,75,270,31,590,36,91,27,138,27,2175,56,733,58,43324,219,1278,86,6621,157,458,135,297,174,47399,560,30231,332
363-U1487A-3H-6-A_SHLF8287891 X 120.0mm   6s  30kV 1250uA Pd-Thick DC10.0mm CC12.0mm Y  0.0mm Run2 Rep0 Sett Middle.spe,120,1.51E+05,799,40,58126,230,848,41,1486,50,61799,241,649,61,4706,75,282,32,614,36,119,27,136,27,2131,55,602,57,41034,214,768,83,5301,151,208,135,248,173,48372,559,30019,331
363-U1487A-3H-6-A_SHLF8287891 X 140.0mm   6s  30kV 1250uA Pd-Thick DC10.0mm CC12.0mm Y  0.0mm Run2 Rep0 Sett Middle.spe,140,1.53E+05,931,41,52354,219,800,41,1522,50,62187,242,674,61,4613,75,280,34,624,37,143,29,113,28,2129,55,847,60,37799,207,1534,91,9352,165,798,141,260,176,50169,569,30443,334
363-U1487A-3H-6-A_SHLF8287891 X 160.0mm   6s  30kV 1250uA Pd-Thick DC10.0mm CC12.0mm Y  0.0mm Run2 Rep0 Sett Middle.spe,160,1.53E+05,997,40,60187,234,918,42,1618,51,65536,248,697,62,4745,75,263,32,616,36,84,26,87,28,2186,56,668,57,41452,214,769,82,4566,148,212,135,149,173,49074,557,31007,332
363-U1487A-3H-6-A_SHLF8287891 X 180.0mm   6s  30kV 1250uA Pd-Thick DC10.0mm CC12.0mm Y  0.0mm Run2 Rep0 Sett Middle.spe,180,1.52E+05,968,42,55298,225,954,42,1497,50,63606,245,597,61,4744,76,269,33,626,37,90,27,177,29,2049,56,662,58,40116,212,1029,86,5742,153,224,137,218,174,48019,560,29758,332
363-U1487A-3H-6-A_SHLF8287891 X 200.0mm   6s  30kV 1250uA Pd-Thick DC10.0mm CC12.0mm Y  0.0mm Run2 Rep0 Sett Middle.spe,200,1.51E+05,837,39,61869,237,693,38,1481,49,55183,228,451,57,4923,75,272,31,485,34,105,27,127,28,2101,56,631,57,42023,216,368,82,3543,146,333,136,454,174,47706,558,29614,331
363-U1487A-3H-6-A_SHLF8287891 X 220.0mm   6s  30kV 1250uA Pd-Thick DC10.0mm CC12.0mm Y  0.0mm Run2 Rep0 Sett Middle.spe,220,1.55E+05,736,42,59400,233,779,40,1469,50,55581,230,586,59,4723,76,282,33,529,35,98,26,80,27,2399,58,593,59,42768,218,545,83,3785,148,280,138,175,176,50491,570,30352,337
363-U1487A-3H-6-A_SHLF8287891 X 240.0mm   6s  30kV 1250uA Pd-Thick DC10.0mm CC12.0mm Y  0.0mm Run2 Rep0 Sett Middle.spe,240,1.53E+05,725,40,57371,229,862,41,1434,49,57176,232,520,58,4750,75,288,33,514,36,81,28,135,28,2299,58,543,58,41623,215,554,81,3529,145,355,138,360,176,49128,562,29662,335
363-U1487A-3H-6-A_SHLF8287891 X 260.0mm   6s  30kV 1250uA Pd-Thick DC10.0mm CC12.0mm Y  0.0mm Run2 Rep0 Sett Middle.spe,260,1.49E+05,805,41,66469,246,680,39,1286,47,47756,213,590,56,4776,75,211,32,416,34,92,27,115,27,2036,55,567,57,43286,218,891,81,3683,145,231,135,190,172,48312,556,29435,330
363-U1487A-3H-6-A_SHLF8287891 X 280.0mm   6s  30kV 1250uA Pd-Thick DC10.0mm CC12.0mm Y  0.0mm Run2 Rep0 Sett Middle.spe,280,1.51E+05,727,42,54556,224,925,41,1381,49,65551,248,668,61,4673,75,285,32,559,36,88,26,129,28,2028,55,805,59,40237,212,694,83,3540,145,87,135,176,173,48630,561,29908,330
363-U1487A-3H-6-A_SHLF8287891 X 300.0mm   6s  30kV 1250uA Pd-Thick DC10.0mm CC12.0mm Y  0.0mm Run2 Rep0 Sett Middle.spe,300,1.49E+05,886,41,53072,221,1002,43,1458,50,69057,255,815,64,4675,74,308,32,538,35,76,26,189,29,1970,55,687,57,39177,209,697,81,3290,141,50,133,98,171,47793,552,29458,328
363-U1487A-3H-6-A_SHLF8287891 X 320.0mm   6s  30kV 1250uA Pd-Thick DC10.0mm CC12.0mm Y  0.0mm Run2 Rep0 Sett Middle.spe,320,1.55E+05,1190,47,42704,199,1252,46,1594,52,90168,290,883,70,4708,76,335,33,653,37,136,28,132,28,2103,55,989,61,38406,207,870,85,4437,146,480,136,245,174,48611,561,29999,334
363-U1487A-3H-6-A_SHLF8287891 X 340.0mm   6s  30kV 1250uA Pd-Thick DC10.0mm CC12.0mm Y  0.0mm Run2 Rep0 Sett Middle.spe,340,1.52E+05,1011,44,45242,204,1323,45,1673,52,83840,280,938,68,4558,75,388,34,573,36,77,27,145,29,1887,53,996,61,38091,206,645,83,3391,142,338,133,300,172,47625,555,29122,329
363-U1487A-3H-6-A_SHLF8287891 X 360.0mm   6s  30kV 1250uA Pd-Thick DC10.0mm CC12.0mm Y  0.0mm Run2 Rep0 Sett Middle.spe,360,1.53E+05,1060,44,48609,211,1156,45,1638,51,81858,277,813,66,4767,76,370,34,585,36,49,27,105,29,2015,55,928,59,38974,209,561,82,3622,144,95,135,264,173,47238,556,28802,331
363-U1487A-3H-6-A_SHLF8287891 X 380.0mm   6s  30kV 1250uA Pd-Thick DC10.0mm CC12.0mm Y  0.0mm Run2 Rep0 Sett Middle.spe,380,1.54E+05,975,44,48157,211,1146,45,1427,51,78661,272,795,67,4651,75,302,34,637,38,112,27,121,28,2069,56,814,60,39106,209,796,83,3720,145,241,136,201,174,50199,567,30271,332
363-U1487A-3H-6-A_SHLF8287891 X 400.0mm   6s  30kV 1250uA Pd-Thick DC10.0mm CC12.0mm Y  0.0mm Run2 Rep0 Sett Middle.spe,400,1.57E+05,1475,49,34824,180,1087,43,1609,53,73218,263,708,65,4830,76,235,34,962,42,179,30,173,29,1944,54,1243,65,31796,193,3332,103,17118,187,1384,146,454,181,50541,576,30237,339
363-U1487A-3H-6-A_SHLF8287891 X 420.0mm   6s  30kV 1250uA Pd-Thick DC10.0mm CC12.0mm Y  0.0mm Run2 Rep0 Sett Middle.spe,420,1.52E+05,837,39,59583,233,953,42,1323,48,62061,242,714,61,4714,75,362,33,546,35,62,27,100,27,2078,55,568,57,41307,214,732,83,3942,146,211,134,708,173,49679,560,29553,330
363-U1487A-3H-6-A_SHLF8287891 X 440.0mm   6s  30kV 1250uA Pd-Thick DC10.0mm CC12.0mm Y  0.0mm Run2 Rep0 Sett Middle.spe,440,1.51E+05,870,40,55771,226,1019,43,1475,50,63133,244,570,60,4740,75,339,33,571,36,133,26,129,29,2049,56,604,57,41627,214,751,82,3614,144,142,134,222,174,48390,559,29457,330
363-U1487A-3H-6-A_SHLF8287891 X 460.0mm   6s  30kV 1250uA Pd-Thick DC10.0mm CC12.0mm Y  0.0mm Run2 Rep0 Sett Middle.spe,460,1.51E+05,723,41,56875,228,1261,46,1746,52,71435,259,847,64,4702,75,333,33,571,35,127,26,111,28,2101,55,660,58,41256,214,622,82,3806,145,92,134,158,171,48290,560,29201,328
363-U1487A-3H-6-A_SHLF8287891 X 480.0mm   6s  30kV 1250uA Pd-Thick DC10.0mm CC12.0mm Y  0.0mm Run2 Rep0 Sett Middle.spe,480,1.50E+05,965,41,51771,217,1306,45,1886,54,73648,263,664,63,4745,75,262,33,505,36,66,27,88,28,1802,53,856,58,41227,214,766,83,4737,148,273,134,153,171,46661,551,30051,328
363-U1487A-3H-6-A_SHLF8287891 X 500.0mm   6s  30kV 1250uA Pd-Thick DC10.0mm CC12.0mm Y  0.0mm Run2 Rep0 Sett Middle.spe,500,1.51E+05,695,39,51102,217,1201,46,1742,53,75198,266,809,65,4694,76,287,33,568,36,92,27,105,28,2022,55,574,57,40343,212,590,82,3531,143,270,133,149,171,48476,556,29726,328
363-U1487A-3H-6-A_SHLF8287891 X 520.0mm   6s  30kV 1250uA Pd-Thick DC10.0mm CC12.0mm Y  0.0mm Run2 Rep0 Sett Middle.spe,520,1.53E+05,750,40,52942,220,1339,47,1863,54,80034,274,810,67,4689,76,282,33,450,34,111,26,106,27,1986,54,834,59,41083,214,562,82,3775,144,362,132,64,172,47634,551,30567,330
363-U1487A-3H-6-A_SHLF8287891 X 540.0mm   6s  30kV 1250uA Pd-Thick DC10.0mm CC12.0mm Y  0.0mm Run2 Rep0 Sett Middle.spe,540,1.52E+05,725,39,52146,218,1519,48,2195,57,92622,294,948,70,4766,76,396,33,552,36,57,27,99,27,1774,52,615,57,40685,213,686,81,4086,144,375,132,199,169,45325,546,29829,327
363-U1487A-3H-6-A_SHLF8287891 X 560.0mm   6s  30kV 1250uA Pd-Thick DC10.0mm CC12.0mm Y  0.0mm Run2 Rep0 Sett Middle.spe,560,1.50E+05,766,39,50688,215,1506,49,2096,57,91067,291,951,69,4606,75,350,34,507,35,69,27,92,27,1691,51,541,56,39656,210,755,81,4134,144,269,132,-76,169,45891,548,28598,322
363-U1487A-3H-6-A_SHLF8287891 X 580.0mm   6s  30kV 1250uA Pd-Thick DC10.0mm CC12.0mm Y  0.0mm Run2 Rep0 Sett Middle.spe,580,1.51E+05,890,42,51445,217,1547,49,2047,57,90917,291,992,70,4598,75,268,33,521,35,42,26,131,27,1650,51,743,58,41851,215,846,82,4670,148,325,132,104,169,45321,543,29741,324
363-U1487A-3H-6-A_SHLF8287891 X 600.0mm   6s  30kV 1250uA Pd-Thick DC10.0mm CC12.0mm Y  0.0mm Run2 Rep0 Sett Middle.spe,600,1.52E+05,946,41,47327,208,1718,50,1857,55,94105,296,1107,71,4618,75,387,35,604,37,85,27,142,28,1837,53,777,58,37771,206,596,82,5360,149,404,133,465,171,48140,553,29327,325
363-U1487A-3H-6-A_SHLF8287891 X 620.0mm   6s  30kV 1250uA Pd-Thick DC10.0mm CC12.0mm Y  0.0mm Run2 Rep0 Sett Middle.spe,620,1.49E+05,997,43,51975,219,1279,46,1672,52,72267,260,834,64,4682,75,271,33,446,35,51,27,140,28,1816,53,756,59,40218,212,746,83,5550,150,213,134,248,169,47134,548,29724,326
363-U1487A-3H-6-A_SHLF8287891 X 640.0mm   6s  30kV 1250uA Pd-Thick DC10.0mm CC12.0mm Y  0.0mm Run2 Rep0 Sett Middle.spe,640,1.57E+05,1711,51,19709,137,2498,57,1766,55,136508,356,1613,83,4590,76,440,36,890,42,164,31,141,29,1414,48,1935,68,23260,167,1874,93,14268,173,1394,141,367,174,46113,558,29560,329
363-U1487A-3H-6-A_SHLF8287891 X 650.0mm   6s  30kV 1250uA Pd-Thick DC10.0mm CC12.0mm Y  0.0mm Run2 Rep0 Sett Middle.spe,650,1.60E+05,2059,55,15384,123,2123,54,1627,55,128911,346,1438,81,4688,77,296,35,896,42,219,31,205,29,1587,51,2880,75,16997,147,2256,99,18464,185,1799,147,529,182,49545,573,28930,334
363-U1487A-3H-6-A_SHLF8287891 X 660.0mm   6s  30kV 1250uA Pd-Thick DC10.0mm CC12.0mm Y  0.0mm Run2 Rep0 Sett Middle.spe,660,1.48E+05,1037,43,57085,228,949,42,2112,55,62126,241,528,59,4751,75,339,32,381,32,114,27,132,27,1693,53,964,60,45410,223,777,83,5421,152,447,132,230,171,47370,550,29436,325
363-U1487A-3H-6-A_SHLF8287891 X 680.0mm   6s  30kV 1250uA Pd-Thick DC10.0mm CC12.0mm Y  0.0mm Run2 Rep0 Sett Middle.spe,680,1.48E+05,1183,44,58941,232,1169,44,2211,56,68376,253,695,61,4846,76,351,32,518,34,131,27,166,28,1596,51,920,60,45285,224,839,82,5197,150,220,132,260,168,44865,542,29474,322
363-U1487A-3H-6-A_SHLF8287891 X 700.0mm   6s  30kV 1250uA Pd-Thick DC10.0mm CC12.0mm Y  0.0mm Run2 Rep0 Sett Middle.spe,700,1.50E+05,941,44,69459,252,640,39,2444,58,49227,216,518,56,4725,74,285,32,460,34,86,26,108,29,1712,52,774,60,54576,243,490,81,2862,146,296,132,266,171,46134,550,29753,327
363-U1487A-3H-6-A_SHLF8287891 X 720.0mm   6s  30kV 1250uA Pd-Thick DC10.0mm CC12.0mm Y  0.0mm Run2 Rep0 Sett Middle.spe,720,1.54E+05,1277,46,46895,208,1258,46,2387,60,95958,299,992,71,4672,76,343,34,661,38,120,28,96,28,1679,52,1167,63,43111,218,832,85,4496,148,196,133,160,170,46339,553,29709,327
363-U1487A-3H-6-A_SHLF8287891 X 740.0mm   6s  30kV 1250uA Pd-Thick DC10.0mm CC12.0mm Y  0.0mm Run2 Rep0 Sett Middle.spe,740,1.48E+05,1033,44,64039,242,862,41,2231,57,55558,229,493,56,4542,73,260,32,480,34,42,26,76,27,1694,52,767,58,49701,232,474,80,3318,145,376,131,279,168,45603,544,30074,325
363-U1487A-3H-6-A_SHLF8287891 X 760.0mm   6s  30kV 1250uA Pd-Thick DC10.0mm CC12.0mm Y  0.0mm Run2 Rep0 Sett Middle.spe,760,1.46E+05,854,41,60817,236,792,40,2130,55,55645,229,526,58,4657,75,213,32,460,34,42,26,154,27,1843,53,632,57,46582,226,715,81,3758,146,149,132,68,169,46010,543,29339,324
363-U1487A-3H-6-A_SHLF8287891 X 780.0mm   6s  30kV 1250uA Pd-Thick DC10.0mm CC12.0mm Y  0.0mm Run2 Rep0 Sett Middle.spe,780,1.48E+05,673,39,71347,255,795,40,2167,55,47104,211,484,55,4741,75,254,31,398,33,21,24,154,28,1893,54,503,57,49490,232,358,80,3525,146,252,131,75,169,45247,546,29283,325
363-U1487A-3H-6-A_SHLF8287891 X 800.0mm   6s  30kV 1250uA Pd-Thick DC10.0mm CC12.0mm Y  0.0mm Run2 Rep0 Sett Middle.spe,800,1.49E+05,847,40,77560,265,781,40,2367,58,48035,214,371,54,4650,75,169,32,431,34,70,25,101,27,1719,52,562,57,52034,238,572,81,3491,147,11,130,87,168,45141,543,30044,326
363-U1487A-3H-6-A_SHLF8287891 X 820.0mm   6s  30kV 1250uA Pd-Thick DC10.0mm CC12.0mm Y  0.0mm Run2 Rep0 Sett Middle.spe,820,1.46E+05,693,40,68013,249,713,39,2128,55,54170,226,507,57,4680,74,257,31,378,31,63,25,119,28,1697,52,504,57,48754,230,456,80,3163,143,401,130,75,167,44902,542,29858,323
363-U1487A-3H-6-A_SHLF8287891 X 840.0mm   6s  30kV 1250uA Pd-Thick DC10.0mm CC12.0mm Y  0.0mm Run2 Rep0 Sett Middle.spe,840,1.46E+05,721,37,67137,247,669,38,1975,53,44839,206,317,52,4717,74,207,31,361,33,31,25,148,26,1840,53,621,57,48829,231,443,80,3814,147,242,131,187,169,46337,549,30194,325
363-U1487A-3H-6-A_SHLF8287891 X 860.0mm   6s  30kV 1250uA Pd-Thick DC10.0mm CC12.0mm Y  0.0mm Run2 Rep0 Sett Middle.spe,860,1.47E+05,649,39,55238,225,640,38,1837,52,48084,213,558,56,4755,74,309,32,485,34,54,25,63,26,1983,55,787,59,45733,224,682,83,4832,150,366,134,310,171,47664,553,30879,329
363-U1487A-3H-6-A_SHLF8287891 X 880.0mm   6s  30kV 1250uA Pd-Thick DC10.0mm CC12.0mm Y  0.0mm Run2 Rep0 Sett Middle.spe,880,1.49E+05,1104,45,46752,208,1020,42,1806,53,60324,238,718,61,4769,75,281,32,528,35,90,27,147,29,2031,55,1266,63,40130,212,1000,86,7032,158,522,136,150,172,48450,556,30571,331
363-U1487A-3H-6-A_SHLF8287891 X 900.0mm   6s  30kV 1250uA Pd-Thick DC10.0mm CC12.0mm Y  0.0mm Run2 Rep0 Sett Middle.spe,900,1.48E+05,1135,45,45535,205,1077,43,1914,54,63473,244,659,61,4530,74,250,33,516,35,121,27,160,27,1971,54,1214,63,39162,210,1000,86,7275,157,419,136,213,173,46259,555,29741,329
363-U1487A-3H-6-A_SHLF8287891 X 920.0mm   6s  30kV 1250uA Pd-Thick DC10.0mm CC12.0mm Y  0.0mm Run2 Rep0 Sett Middle.spe,920,1.48E+05,877,41,63554,241,772,40,2035,54,49405,216,392,54,4646,74,200,32,402,33,65,25,101,27,1989,54,644,57,48399,230,597,82,4315,150,350,134,445,170,47665,553,29763,327
363-U1487A-3H-6-A_SHLF8287891 X 940.0mm   6s  30kV 1250uA Pd-Thick DC10.0mm CC12.0mm Y  0.0mm Run2 Rep0 Sett Middle.spe,940,1.51E+05,1009,45,50174,215,901,41,1713,52,57373,233,655,59,4882,76,271,32,415,34,116,27,124,28,1917,55,1151,62,39997,212,953,86,7207,158,655,137,316,175,48126,561,30763,333
363-U1487A-3H-6-A_SHLF8287891 X 960.0mm   6s  30kV 1250uA Pd-Thick DC10.0mm CC12.0mm Y  0.0mm Run2 Rep0 Sett Middle.spe,960,1.51E+05,945,41,60800,235,887,40,1955,54,50548,219,683,57,4719,74,346,33,430,34,54,26,114,27,2043,54,653,59,47729,229,635,83,5041,153,264,135,222,172,48127,559,30104,332
363-U1487A-3H-6-A_SHLF8287891 X 980.0mm   6s  30kV 1250uA Pd-Thick DC10.0mm CC12.0mm Y  0.0mm Run2 Rep0 Sett Middle.spe,980,1.48E+05,1345,46,51373,217,1042,42,1584,51,63124,244,652,61,4701,75,293,32,529,35,113,26,58,28,1754,52,1274,62,38101,207,789,84,7320,156,458,133,-25,171,46449,553,29824,328
363-U1487A-3H-6-A_SHLF8287891 X1000.0mm   6s  30kV 1250uA Pd-Thick DC10.0mm CC12.0mm Y  0.0mm Run2 Rep0 Sett Middle.spe,1000,1.44E+05,879,41,53748,222,1095,42,1428,49,66447,250,691,61,4722,75,269,32,467,34,102,26,156,28,1848,53,836,57,36940,203,605,81,4843,146,443,131,215,168,45530,547,29112,321
363-U1487A-3H-6-A_SHLF8287891 X1020.0mm   6s  30kV 1250uA Pd-Thick DC10.0mm CC12.0mm Y  0.0mm Run2 Rep0 Sett Middle.spe,1020,1.45E+05,802,39,65061,243,1051,43,1491,49,59597,237,605,59,4722,75,252,32,404,33,45,26,140,28,1798,52,540,55,40007,210,576,79,3244,141,110,131,248,168,45789,543,28984,322
363-U1487A-3H-6-A_SHLF8287891 X1040.0mm   6s  30kV 1250uA Pd-Thick DC10.0mm CC12.0mm Y  0.0mm Run2 Rep0 Sett Middle.spe,1040,1.48E+05,629,38,71822,255,854,40,1425,48,52400,222,505,56,4756,74,255,31,403,33,53,26,81,27,1968,54,512,55,41986,215,484,80,3008,141,184,132,-42,170,45567,549,29669,326
363-U1487A-3H-6-A_SHLF8287891 X1060.0mm   6s  30kV 1250uA Pd-Thick DC10.0mm CC12.0mm Y  0.0mm Run2 Rep0 Sett Middle.spe,1060,1.51E+05,1101,44,50589,215,1163,43,1581,51,70671,258,709,63,4712,75,318,33,522,35,102,27,137,28,2102,56,907,60,38888,209,554,84,4910,149,201,134,-127,172,48348,563,29258,330
363-U1487A-3H-6-A_SHLF8287891 X1080.0mm   6s  30kV 1250uA Pd-Thick DC10.0mm CC12.0mm Y  0.0mm Run2 Rep0 Sett Middle.spe,1080,1.53E+05,1011,44,53903,222,1174,43,1511,50,64821,247,775,63,4557,75,222,33,422,35,66,28,199,29,2136,57,781,60,40113,212,659,84,4653,148,250,135,439,175,49219,564,30141,333
363-U1487A-3H-6-A_SHLF8287891 X1100.0mm   6s  30kV 1250uA Pd-Thick DC10.0mm CC12.0mm Y  0.0mm Run2 Rep0 Sett Middle.spe,1100,1.53E+05,868,42,61565,237,1022,44,1571,51,63699,245,543,61,4725,76,261,33,460,34,70,27,87,28,2112,56,817,60,40842,214,582,84,4896,149,665,134,499,173,48342,564,30021,332
363-U1487A-3H-6-A_SHLF8287891 X1120.0mm   6s  30kV 1250uA Pd-Thick DC10.0mm CC12.0mm Y  0.0mm Run2 Rep0 Sett Middle.spe,1120,1.47E+05,714,38,63846,241,910,42,1332,48,56536,231,589,59,4766,75,260,31,408,33,47,26,85,27,1929,53,606,56,40921,213,507,80,3596,142,250,133,148,171,45807,548,29157,327
363-U1487A-3H-6-A_SHLF8287891 X1130.0mm   6s  30kV 1250uA Pd-Thick DC10.0mm CC12.0mm Y  0.0mm Run2 Rep0 Sett Middle.spe,1130,1.45E+05,600,38,62863,239,1117,43,1307,48,68664,254,696,62,4688,74,276,32,438,33,84,26,121,28,1880,53,586,55,37557,204,640,78,3926,142,89,131,459,167,44319,544,28969,321
363-U1487A-3H-6-A_SHLF8287891 X1140.0mm   6s  30kV 1250uA Pd-Thick DC10.0mm CC12.0mm Y  0.0mm Run2 Rep0 Sett Middle.spe,1140,1.47E+05,624,39,63920,241,883,41,1258,46,51974,222,517,57,4674,75,270,33,403,33,102,26,130,28,2114,55,566,55,41000,213,582,81,3078,142,307,133,123,171,47513,552,29951,327
363-U1487A-3H-6-A_SHLF8287891 X1160.0mm   6s  30kV 1250uA Pd-Thick DC10.0mm CC12.0mm Y  0.0mm Run2 Rep0 Sett Middle.spe,1160,1.45E+05,664,37,74071,259,752,39,1156,45,47845,213,413,54,4638,74,250,32,358,32,75,26,185,28,1905,54,640,56,40148,211,282,79,2783,140,83,132,55,168,46665,539,28794,322
363-U1487A-3H-6-A_SHLF8287891 X1180.0mm   6s  30kV 1250uA Pd-Thick DC10.0mm CC12.0mm Y  0.0mm Run2 Rep0 Sett Middle.spe,1180,1.44E+05,692,37,62367,238,798,39,1238,46,51150,220,463,55,4711,74,253,31,393,33,66,25,156,28,2018,55,523,55,39181,209,440,80,3195,141,210,132,499,170,47000,548,28808,323
363-U1487A-3H-6-A_SHLF8287891 X1200.0mm   6s  30kV 1250uA Pd-Thick DC10.0mm CC12.0mm Y  0.0mm Run2 Rep0 Sett Middle.spe,1200,1.47E+05,801,40,60496,235,955,43,1436,49,61272,240,575,59,4646,74,307,32,463,33,52,25,140,27,1941,54,547,56,40087,211,656,81,3343,142,143,133,192,171,46811,553,29225,325
363-U1487A-3H-6-A_SHLF8287891 X1220.0mm   6s  30kV 1250uA Pd-Thick DC10.0mm CC12.0mm Y  0.0mm Run2 Rep0 Sett Middle.spe,1220,1.49E+05,691,39,58665,232,1005,42,1302,47,58768,235,609,59,4594,74,247,32,425,33,87,26,98,27,2005,55,590,56,40758,213,538,82,3663,144,312,134,430,172,47428,556,29508,329
363-U1487A-3H-6-A_SHLF8287891 X1240.0mm   6s  30kV 1250uA Pd-Thick DC10.0mm CC12.0mm Y  0.0mm Run2 Rep0 Sett Middle.spe,1240,1.48E+05,826,39,60755,235,795,39,1283,47,50952,220,515,56,4757,75,290,31,491,34,42,26,224,29,2185,56,763,58,41895,215,406,81,3419,143,464,134,254,172,47629,553,29766,329
363-U1487A-3H-6-A_SHLF8287891 X1260.0mm   6s  30kV 1250uA Pd-Thick DC10.0mm CC12.0mm Y  0.0mm Run2 Rep0 Sett Middle.spe,1260,1.50E+05,693,39,62624,239,1126,45,1477,50,69478,255,851,64,4784,75,302,32,510,34,109,25,170,28,1898,53,543,56,39162,208,464,81,3063,141,367,133,92,171,47252,550,30001,326
363-U1487A-3H-6-A_SHLF8287891 X1280.0mm   6s  30kV 1250uA Pd-Thick DC10.0mm CC12.0mm Y  0.0mm Run2 Rep0 Sett Middle.spe,1280,1.51E+05,1080,43,52132,218,1572,49,1794,54,93017,295,1076,71,4598,75,330,33,562,36,81,27,84,29,1833,53,636,57,36320,202,706,82,4034,143,247,132,507,170,44966,544,28863,324
363-U1487A-3H-6-A_SHLF8287891 X1300.0mm   6s  30kV 1250uA Pd-Thick DC10.0mm CC12.0mm Y  0.0mm Run2 Rep0 Sett Middle.spe,1300,1.46E+05,1223,45,43872,201,1346,46,1605,51,85735,283,983,68,4474,74,317,34,483,35,67,27,100,27,1766,51,848,58,35743,200,703,81,4020,141,203,131,386,169,45717,542,28561,322
363-U1487A-3H-6-A_SHLF8287891 X1320.0mm   6s  30kV 1250uA Pd-Thick DC10.0mm CC12.0mm Y  0.0mm Run2 Rep0 Sett Middle.spe,1320,1.47E+05,927,42,55484,225,1182,44,1738,52,69213,255,709,62,4567,74,287,33,462,34,77,26,148,28,2027,55,678,57,39080,208,682,81,3472,142,255,132,441,170,46442,548,28705,324
363-U1487A-3H-6-A_SHLF8287891 X1340.0mm   6s  30kV 1250uA Pd-Thick DC10.0mm CC12.0mm Y  0.0mm Run2 Rep0 Sett Middle.spe,1340,1.48E+05,1187,45,47471,209,1200,45,1771,53,77617,269,877,65,4699,75,351,33,594,36,106,27,140,28,1830,53,969,60,37317,205,984,83,4065,143,210,133,305,171,47737,552,29080,325
363-U1487A-3H-6-A_SHLF8287891 X1360.0mm   6s  30kV 1250uA Pd-Thick DC10.0mm CC12.0mm Y  0.0mm Run2 Rep0 Sett Middle.spe,1360,1.51E+05,1208,45,50329,215,1138,44,1899,54,71231,259,802,64,4568,75,392,34,470,35,69,28,177,28,1891,54,1032,61,38823,208,813,84,4090,145,176,135,601,175,48186,556,28615,328
363-U1487A-3H-6-A_SHLF8287891 X1380.0mm   6s  30kV 1250uA Pd-Thick DC10.0mm CC12.0mm Y  0.0mm Run2 Rep0 Sett Middle.spe,1380,1.43E+05,1172,46,47636,210,945,42,1640,51,61058,240,564,58,4635,74,266,33,444,34,59,26,101,28,1853,52,889,59,38452,207,647,81,3599,141,258,133,63,171,47488,544,28051,321
363-U1487A-3H-6-A_SHLF8287891 X1400.0mm   6s  30kV 1250uA Pd-Thick DC10.0mm CC12.0mm Y  0.0mm Run2 Rep0 Sett Middle.spe,1400,1.50E+05,895,41,50735,216,1272,46,1873,54,72666,261,745,64,4683,75,343,34,435,35,76,27,100,27,1948,55,719,58,37898,206,612,82,3347,142,237,135,251,173,47715,551,28646,327
363-U1487A-3H-6-A_SHLF8287891 X1420.0mm   6s  30kV 1250uA Pd-Thick DC10.0mm CC12.0mm Y  0.0mm Run2 Rep0 Sett Middle.spe,1420,1.63E+05,693,40,43182,200,1541,49,1879,56,97426,302,985,73,4687,77,301,35,623,37,68,28,62,28,2318,58,758,60,34295,198,723,86,4317,147,400,141,441,180,53507,584,30279,341